league,team_ar,seasons,appearances,player_en,full_name_en,player_id_suspect,other_name_same_id,name_similarity,player_ar
EGY,أبو قير للأسمدة,2026-2027,1,Mostafa Rahim,,310083,,,
EGY,الاتحاد السكندري,2025-2026,20,Body,Abdelrahman Body,17096,Abdel Rahman Ramadan,0.17,
EGY,الاتحاد السكندري,2025-2026,18,H. Balaha,Hesham Balaha,17062,Hesham Nabawi,0.36,
EGY,البنك الأهلي,2025-2026 .. 2026-2027,41,M. Shalaby,Karim Tarek,17187,Karim Tarek,0.29,
EGY,البنك الأهلي,2025-2026 .. 2026-2027,38,Oufa,Ahmed Amin | Ahmed Amin Aoufa | Ahmed Amin Oufa,295633,Ahmed Amin,0.14,
EGY,البنك الأهلي,2025-2026 .. 2026-2027,36,M. Dowidar,Mostafa Dowidar,17226,Mostafa Adel,0.27,
EGY,البنك الأهلي,2024-2025 .. 2025-2026,26,Mostafa Shehata,Mostafa Abdelrahim | Mostafa Rahim,310083,,,
EGY,البنك الأهلي,2024-2025,21,Mostafa Abdelrahim,,310083,M. Shehata,0.29,
EGY,البنك الأهلي,2026-2027,3,Bencharki,Mohamed Ashraf,498397,Mohamed Ashraf Ben Sharqi,0.41,
EGY,الداخلية,2022-2023 .. 2026-2027,14,Abdelrahman Ramadan,,458144,,,
EGY,الداخلية,2023-2024,12,Abdel Rahman Hamawy,Abdelrahman Ramadan,458144,A. Ramadan,0.48,
EGY,الزمالك,2022-2023 .. 2026-2027,282,Zizo,,562540,Z. Osama,0.33,
EGY,الزمالك,2022-2023 .. 2025-2026,102,Mohamed Tarek,,342746,M. Hamdy,0.48,
EGY,الزمالك,2025-2026 .. 2026-2027,39,M. Shehata,Mohamed Shehata | Mostafa Abdelrahim | Mostafa Rahim | Mostafa Shehata,310083,Mostafa Abdelrahim,0.29,
EGY,الزمالك,2024-2025 .. 2025-2026,16,Abdel Hamid Maali,,417820,A. Maâli,0.48,
EGY,الشرقية إنبي,2022-2023 .. 2026-2027,130,Ahmed Amin Aoufa,Ahmed Amin | Ahmed Amin Oufa,295633,,,
EGY,الشرقية إنبي,2023-2024 .. 2026-2027,95,Ahmed Amin Oufa,,295633,,,
EGY,الشرقية إنبي,2022-2023 .. 2026-2027,91,Mostafa Dowidar,,17226,,,
EGY,الشرقية إنبي,2022-2023 .. 2024-2025,90,Mostafa Adel,Mostafa Dowidar,17226,M. Dowidar,0.27,
EGY,الشرقية إنبي,2022-2023 .. 2024-2025,88,Ahmed Hawash,Ahmed Nader Hawash,384483,A. Nader,0.3,
EGY,الشرقية إنبي,2022-2023 .. 2026-2027,86,Ahmed Nader Hawash,,384483,,,
EGY,الشرقية إنبي,2022-2023 .. 2024-2025,28,Ahmed Amin,Ahmed Ali Amin,295633,Oufa,0.14,
EGY,القناة,2026-2027,3,O. Fathy,Ossama Fathy,283564,Ossama El Nagar,0.26,
EGY,المصري,2025-2026 .. 2026-2027,20,M. Hamdy,Mohamed Tarek,342746,Mohamed Tarek,0.48,
EGY,المقاولون العرب,2022-2023 .. 2023-2024,72,Ahmed Atef Otta,Ahmed Atef,393210,Otta,0.42,
EGY,المقاولون العرب,2025-2026 .. 2026-2027,31,A. Hawash,Ahmed Nader Hawash,384483,,,
EGY,المقاولون العرب,2025-2026,1,A. Nader,Ahmed Nader Hawash,384483,Ahmed Hawash,0.3,
EGY,بيراميدز,2022-2023 .. 2025-2026,10,Youssef Nader,,343176,,,
EGY,بيراميدز,2022-2023 .. 2024-2025,9,Youssef Nader Elshazly,Youssef Nader,343176,Y. Nader,0.47,
EGY,بيراميدز,2026-2027,3,Otta,Ahmed Atef,393210,Ahmed Atef Otta,0.42,
EGY,حرس الحدود,2022-2023 .. 2026-2027,120,M. Ashraf,Mahmoud Ashraf | Mohamed Ashraf | Mohamed Ashraf Roqa | Mostafa Ashraf,498397,Mohamed Ashraf Ben Sharqi,0.47,
EGY,زد,2022-2023 .. 2026-2027,365,Mohamed Ashraf,,498397,,,
EGY,زد,2025-2026 .. 2026-2027,88,A. Atef,Ahmed Atef,393210,,,
EGY,زد,2025-2026,41,Kabaka,Ahmed Gomma | Ahmed Khaled Gomaa,428224,Ahmed Gomma,0.24,
EGY,زد,2025-2026,6,A. Bostangy,Abdallah Bostangy,456963,Abdallah Boustenji,0.48,
EGY,سموحة,2023-2024 .. 2025-2026,22,Abdallah Bostangy,,456963,,,
EGY,سموحة,2024-2025,5,Mohamed Saied Zeeka,Mohamed Juhayna,498461,M. Said,0.46,
EGY,سموحة,2024-2025,1,Abdallah Boustenji,Abdallah Bostangy,456963,A. Bostangy,0.48,
EGY,سيراميكا كليوباترا,2022-2023 .. 2026-2027,198,Ahmed Ramadan,,17143,,,
EGY,سيراميكا كليوباترا,2022-2023 .. 2024-2025,73,Abdel Rahman Ramadan,Abdelrahman Body,17096,Body,0.17,
EGY,سيراميكا كليوباترا,2022-2023 .. 2025-2026,71,Abdelrahman Body,,17096,,,
EGY,سيراميكا كليوباترا,2026-2027,2,Beckham,Ahmed Ramadan,17143,A. Ramadan,0.24,
EGY,طلائع الجيش,2022-2023 .. 2026-2027,223,Karim Tarek,,17187,M. Shalaby,0.29,
EGY,غزل المحلة,2023-2024 .. 2026-2027,29,Ossama Fathy,,283564,,,
EGY,غزل المحلة,2023-2024 .. 2024-2025,28,Ossama El Nagar,Ossama Fathy,283564,O. Fathy,0.26,
EGY,غزل المحلة,2024-2025 .. 2026-2027,22,Mohamed Ashraf Ben Sharqi,Mohamed Ashraf,498397,Bencharki,0.41,
EGY,كهرباء الإسماعيلية,2024-2025 .. 2026-2027,37,Mohamed Juhayna,,498461,,,
EGY,كهرباء الإسماعيلية,2025-2026 .. 2026-2027,26,M. Said,Mohamed Juhayna,498461,Mohamed Saied Zeeka,0.46,
EGY,كهرباء الإسماعيلية,2025-2026,24,M. A. Rahim,Mostafa Abdelrahim | Mostafa Rahim | Mostafa Shehata,310083,M. Shehata,0.48,
EGY,مودرن سبورت,2022-2023 .. 2026-2027,343,Ahmed Atef,,393210,,,
EGY,مودرن سبورت,2022-2023 .. 2025-2026,76,Hesham Balaha,,17062,,,
EGY,مودرن سبورت,2023-2024 .. 2024-2025,37,Ahmed Kabaka,Ahmed Gomma | Ahmed Khaled Gomaa | Kabaka,428224,,,
EGY,مودرن سبورت,2022-2023 .. 2024-2025,31,Ahmed Gomma,Ahmed Khaled Gomaa | Kabaka,428224,Kabaka,0.24,
EGY,مودرن سبورت,2024-2025 .. 2025-2026,5,Ahmed Khaled Gomaa,,428224,,,
EGY,مودرن سبورت,2022-2023,4,Hesham Nabawi,Hesham Balaha,17062,H. Balaha,0.36,
MAR,أولمبيك آسفي,2023-2024 .. 2024-2025,59,K. Kbiri,,146807,K. Alaoui,0.47,
MAR,اتحاد طنجة,2023-2024 .. 2024-2025,63,A. Maâli,Abdel Hamid Maali,417820,Abdel Hamid Maali,0.48,
MAR,اتحاد طنجة,2025-2026,41,A. Maali,Abdel Hamid Maali,417820,,,
MAR,الرجاء,2025-2026,30,K. Alaoui,,146807,K. Kbiri,0.47,
MAR,المغرب الفاسي,2024-2025 .. 2025-2026,68,O. Noureddine,Noureddine Oussama,437725,N. Oussama,0.35,
MAR,شباب المحمدية,2023-2024,36,N. Oussama,Noureddine Oussama,437725,O. Noureddine,0.35,
MAR,نهضة بركان,2024-2025 .. 2025-2026,7,Munir,Monir El Kajoui | Munir Mohamedi,2702,Monir El Kajoui,0.4,
QAT,أم صلال,2024-2025 .. 2025-2026,29,A. Fayez,,533871,A. Al Rashidi,0.38,
QAT,أم صلال,2025-2026,19,F. Said,Fares Said | Fares Said Amer,335018,Fares Amer,0.35,
QAT,أم صلال,2025-2026,7,Fares Said Amer,,335018,,,
QAT,الأهلي,2022-2023 .. 2024-2025,77,Bahaa Ellithi,Bahaa Ellethy,42036,B. Mamdouh,0.26,
QAT,الأهلي,2023-2024 .. 2025-2026,53,Bahaa Ellethy,,42036,,,
QAT,الأهلي,2025-2026 .. 2026-2027,25,A. Reyed,Ahmed Mawla | Ahmed Reyed | Ahmed Reyed Mawla,282597,Ahmed Mawla,0.32,
QAT,الأهلي,2022-2023 .. 2026-2027,4,Ahmed Reyed,Ahmed Mawla | Ahmed Reyed Mawla,282597,,,
QAT,الخريطيات,2025-2026,1,S. E. Eisa,,42305,Saeed Alhaj,0.19,
QAT,الخور,2023-2024 .. 2025-2026,33,Fares Said,Fares Said Amer,335018,,,
QAT,الخور,2024-2025 .. 2025-2026,27,Ahmed Reyed Mawla,,282597,,,
QAT,الخور,2024-2025,25,Ahmed Reyad,Ahmed Mawla | Ahmed Reyed | Ahmed Reyed Mawla,282597,,,
QAT,الخور,2024-2025,1,Ahmed Mawla,,282597,A. Reyed,0.32,
QAT,الدحيل,2023-2024,15,Fares Amer,Fares Said | Fares Said Amer,335018,F. Said,0.35,
QAT,الريان,2022-2023 .. 2025-2026,63,Fahad Baker,,42139,F. Younes,0.3,
QAT,الريان,2023-2024 .. 2024-2025,40,Fahad Younis,Fahad Baker,42139,,,
QAT,الريان,2022-2023,30,Ibrahim Abdelhalim Masoud,Ibrahim Masoud,42147,I. Masoud,0.47,
QAT,الريان,2025-2026,22,B. Mamdouh,Bahaa Ellethy,42036,Bahaa Ellithi,0.26,
QAT,الريان,2022-2023 .. 2023-2024,15,Mouaz Gadelseed Abdalla,Mouz Abdalla | Mouz Jaad,284150,Mouz Jaad,0.44,
QAT,الريان,2023-2024,8,Mouz Abdalla,,284150,,,
QAT,الريان,2026-2027,1,B. Ellethy,Bahaa Ellethy,42036,,,
QAT,السد,2026-2027,2,M. Manai,Mohamed Al Manai | Mohamed Naceur Almanai,283174,Mohamed Naceur Al Manai,0.45,
QAT,السيلية,2025-2026 .. 2026-2027,24,F. Younes,Fahad Baker,42139,Fahad Baker,0.3,
QAT,السيلية,2022-2023,16,Saeed Alhaj,,42305,S. E. Eisa,0.19,
QAT,السيلية,2025-2026,11,Mouz Jaad,,284150,Mouaz Gadelseed Abdalla,0.44,
QAT,الشحانية,2025-2026 .. 2026-2027,3,S. A. Al Yahri,,42305,Saeed Alhaj,0.48,
QAT,الشمال,2022-2023 .. 2025-2026,63,Mohamed Naceur Almanai,Mohamed Al Manai,283174,,,
QAT,الشمال,2025-2026,36,M. Al Mannai,Mohamed Al Manai | Mohamed Naceur Almanai,283174,,,
QAT,الشمال,2023-2024 .. 2024-2025,32,Mohammad Al Mannai,Mohamed Al Manai | Mohamed Naceur Almanai,283174,,,
QAT,الشمال,2022-2023 .. 2026-2027,4,Ali Mohammed Ghulais,Ali Ghulais | Ali Mohammed,197965,,,
QAT,العربي,2022-2023 .. 2024-2025,114,Ibrahim Nasser Kala,,42216,I. Kala,0.46,
QAT,العربي,2023-2024 .. 2024-2025,39,Rami Al Hamwende,Rami Al Hamawendi | Rami Suhail Ali,42035,R. Suhail,0.32,
QAT,العربي,2023-2024 .. 2024-2025,28,Rami Al Hamawendi,,42035,R. Suhail,0.38,
QAT,العربي,2022-2023,22,Rami Suhali Ali,Rami Al Hamawendi | Rami Suhail Ali,42035,,,
QAT,العربي,2024-2025 .. 2025-2026,9,Rami Suhail Ali,,42035,,,
QAT,العربي,2022-2023 .. 2025-2026,7,I. Kala,Ibrahim Nasser Kala,42216,Ibrahim Nasser Kala,0.46,
QAT,الغرافة,2026-2027,2,A. Al Rashidi,,533871,A. Fayez,0.38,
QAT,المرخية,2023-2024 .. 2026-2027,32,Ibrahim Masoud,,42147,,,
QAT,المرخية,2023-2024 .. 2026-2027,15,Mohamed Al Manai,Mohamed Naceur Almanai,283174,,,
QAT,المرخية,2022-2023,8,Mohamed Naceur Al Manai,Mohamed Al Manai | Mohamed Naceur Almanai,283174,M. Manai,0.45,
QAT,قطر,2022-2023 .. 2025-2026,26,I. Masoud,Ibrahim Masoud,42147,Ibrahim Abdelhalim Masoud,0.47,
QAT,قطر,2026-2027,1,I. Abdelhalim,Ibrahim Masoud,42147,,,
QAT,معيذر,2023-2024 .. 2026-2027,13,Ali Mohammed,Ali Ghulais | Ali Mohammed Ghulais,197965,,,
QAT,معيذر,2023-2024,8,Ali Ghulais,,197965,A. Mohammed,0.36,
SAU,الوحدة,2023-2024,18,Monir El Kajoui,,2702,Munir,0.4,
SAU,الوحدة,2023-2024 .. 2024-2025,10,Munir Mohamedi,,2702,,,
UAE,اتحاد كلباء,2023-2024 .. 2026-2027,65,Sultan Adil,Sultan Adill,283324,,,
UAE,اتحاد كلباء,2022-2023 .. 2023-2024,25,Sultan Adill Alamiri,Sultan Adil | Sultan Adill,283324,S. Adil,0.44,
UAE,اتحاد كلباء,2023-2024,13,Sultan Adill,,283324,,,
UAE,الإمارات,2023-2024 .. 2025-2026,42,Feras Saleh Alkhaseebi,,242795,,,
UAE,الإمارات,2023-2024,25,Feras Saleh,Feras Saleh Alkhaseebi,242795,,,
UAE,الجزيرة الإماراتي,2022-2023 .. 2025-2026,177,Ahmed Fawzi,Ahmad Fawzi Johar Faraj Abdalla | Ahmed Fawzi Mohamed | Ahmed Fawzy,101647,,,
UAE,الجزيرة الإماراتي,2022-2023 .. 2026-2027,65,A. Ramadan,Abdallah Ramadan | Abdelrahman Ramadan | Ahmed Ramadan,17143,Beckham,0.24,
UAE,الجزيرة الإماراتي,2023-2024 .. 2024-2025,20,Ahmad Fawzi Johar Faraj Abdalla,,101647,A. Fawzi,0.36,
UAE,الجزيرة الإماراتي,2022-2023,8,Rakaan Waleed,Rakan Waleed,320199,R. Al Menhali,0.38,
UAE,الجزيرة الإماراتي,2023-2024,4,Hamad Al Menhali,,452385,A. Hamad,0.42,
UAE,الجزيرة الإماراتي,2023-2024,2,N. Hermann,Hermann Behiratche,326793,H. Behiratche,0.35,
UAE,الجزيرة الإماراتي,2023-2024,2,Hermann Behiratche,,326793,,,
UAE,الظفرة,2025-2026,24,F. Saleh,Feras Saleh Alkhaseebi,242795,Feras Al Khaseebi,0.4,
UAE,الظفرة,2022-2023,5,H. Behiratche,Hermann Behiratche,326793,N. Hermann,0.35,
UAE,العين,2023-2024 .. 2026-2027,28,Y. Nader,Yahia Nader | Youssef Nader,343176,Youssef Nader Elshazly,0.47,
UAE,النصر الإماراتي,2025-2026,18,Z. Osama,Zizo,562540,Zizo,0.33,
UAE,بني ياس,2023-2024 .. 2024-2025,34,Adham Hegazy,Adham Khalid | Adham Khalid Ali Abdelhameed,283330,Adham Khalid Ali Abdelhameed,0.45,
UAE,بني ياس,2024-2025,25,Adham Khalid,,283330,,,
UAE,حتا,2026-2027,3,S. Al Mesmari,,135952,A. Saeed,0.38,
UAE,حتا,2026-2027,2,Adham Khalid Ali Abdelhameed,Adham Khalid,283330,Adham Hegazy,0.45,
UAE,خورفكان,2025-2026 .. 2026-2027,40,R. Suhail,Rami Al Hamawendi | Rami Suhail Ali | Rashid Abdalla | Rashid Suhail,42035,Rami Al Hamwende,0.32,
UAE,خورفكان,2023-2024 .. 2025-2026,29,Noureddine Oussama,,437725,,,
UAE,دبا الحصن,2024-2025,9,Feras Al Khaseebi,Feras Saleh Alkhaseebi,242795,F. Saleh,0.4,
UAE,دبا الفجيرة,2025-2026,34,Meme,,53894,Mohanad Ali,0.13,
UAE,دبا الفجيرة,2025-2026,17,A. Saeed,,135952,S. Al Mesmari,0.38,
UAE,شباب الأهلي,2023-2024 .. 2025-2026,32,Rakan Waleed,,320199,,,
UAE,شباب الأهلي,2025-2026 .. 2026-2027,28,S. Adil,Sultan Adil | Sultan Adill,283324,Sultan Adill Alamiri,0.44,
UAE,شباب الأهلي,2023-2024 .. 2024-2025,23,Rakaan Al Menhali,Rakan Waleed,320199,,,
UAE,شباب الأهلي,2025-2026,16,R. Al Menhali,Rakan Waleed,320199,Rakaan Waleed,0.38,
