priority,goals,league,team_ar,player_en,player_ar
A,87,SAU,النصر,C. Ronaldo,كريستيانو رونالدو
A,54,SAU,الأهلي,I. Toney,إيفان توني
A,54,SAU,القادسية,J. Quinones,خوليان كينيونيس
A,49,SAU,الاتحاد,K. Benzema,كريم بنزيما
A,47,IRQ,الشرطة,Mohanad Ali,مهند علي
A,45,SAU,الهلال,A. Mitrović,ألكسندر ميتروفيتش
A,42,IRQ,الشرطة,M. Al Mawas,محمود المواس
A,39,SAU,الشباب,A. Hamed-Allah,عبد الرزاق حمد الله
A,39,SAU,الفيحاء,F. Sakala,فاشون ساكالا
A,38,IRQ,الموصل,A. Al Dali,علاء الدالي
A,38,IRQ,نوروز,Marwan Hussein,مروان حسين
A,37,SAU,الهلال,Salem Al Dawsari,سالم الدوسري
A,34,SAU,الاتفاق,G. Wijnaldum,جورجينيو فينالدوم
A,33,IRQ,القوة الجوية,M. Jawad,مصطفى جواد
A,32,SAU,الهلال,Malcom,مالكوم
A,31,SAU,الاتفاق,M. Dembele,موسى ديمبيلي
A,30,IRQ,زاخو,A. Attwan,أمجد عطوان
A,30,SAU,الهلال,Marcos Leonardo,ماركوس ليوناردو
A,29,IRQ,الموصل,I. Ghazi,إبراهيم غازي
A,28,SAU,ضمك,G. Nkoudou,جورج كيفين نكودو
A,28,IRQ,أربيل,S. Temirov,شيرزود تيميروف
A,27,IRQ,القوة الجوية,Aymen Hussein,أيمن حسين
A,27,IRQ,دهوك,P. Gwargis,بيتر كوركيس
A,27,SAU,الشباب,Y. Carrasco,يانيك كاراسكو
A,25,IRQ,الزوراء,I. Gbadamosi,إبراهيم غباداموسي
A,23,SAU,التعاون,R. B. Martinez Tobinson,روجر مارتينيز
A,22,IRQ,الطلبة,S. Msuva,سيمون مسوفا
A,22,SAU,النصر,Talisca,أندرسون تاليسكا
A,21,SAU,الأهلي,Feras Al Brikan,فراس البريكان
A,21,SAU,النصر,Joao Felix,جواو فيليكس
A,21,IRQ,نفط ميسان,O. Afolabi,أوكيكي أفولابي
A,21,SAU,الوحدة,O. Ighalo,أوديون إيغالو
A,20,IRQ,زاخو,Gustavo Henrique,جوستافو هنريكي
A,20,SAU,الخليج,J. King,جوشوا كينج
A,20,IRQ,الميناء,M. Qasem,محمد قاسم
A,19,JOR,الحسين,Sisa,يوسف أبو جلبوش
A,18,JOR,الفيصلي,A. Ersan,أحمد العرسان
A,18,IRQ,نفط ميسان,D. Gueye Dieme,داوودا غي دييمي
A,18,IRQ,الغراف,K. Kuku,كينغسلي كوكو
A,18,SAU,الهلال,R. Neves,روبن نيفيز
A,18,IRQ,القاسم,Saif Rashed Hameed,سيف راشد حميد
A,17,SAU,الخلود,M. Maolida,ميزيان مولايدا
A,17,SAU,القادسية,P. Aubameyang,بيير إيمريك أوباميانغ
A,16,JOR,الحسين,A. Al Haj,عارف الحاج
A,16,JOR,الرمثا,H. Al Dardour,حمزة الدردور
A,16,JOR,شباب الأردن,M. Abu Taha,محمد أبو طه
A,16,SAU,القادسية,M. Retegui,ماتيو ريتيجي
A,15,IRQ,الشرطة,Leonel Ateba,ليونيل أتيبا
A,14,IRQ,الكرخ,I. Eze,إيفاني إيزي
A,14,JOR,الحسين,M. Al Attar,مجد العطار
A,14,JOR,الوحدات,M. Semreen,مهند سمرين
A,14,IRQ,الكرمة,Mahmoud Khalil,محمود خليل
A,14,IRQ,الكرمة,Y. Oumarou,يوسف أومارو
A,13,IRQ,الزوراء,H. Abdulkareem,حسن عبد الكريم
A,13,IRQ,القاسم,Hareth Hatem,حارث حاتم
A,13,JOR,الحسين,R. Bani Hani,رزق بني هاني
A,12,JOR,الحسين,M. Al Mardi,محمود المرضي
A,12,IRQ,الكهرباء,R. Ngah,رونالد نغاه
A,11,JOR,الوحدات,I. Sabra,إبراهيم صبرة
A,11,JOR,الحسين,N. A. Aziz,عبد العزيز نداي
A,11,SAU,نيوم,S. Benrahma,سعيد بن رحمة
A,11,IRQ,الكرخ,Y. Hamoud,يوسف حمود
A,10,JOR,شباب الأردن,K. Assam,خالد عصام
A,9,JOR,الفيصلي,R. Banihani,رزق بني هاني
A,8,JOR,الرمثا,K. Al Dardour,خالد الدردور
A,8,JOR,السلط,M. Aburiziq,محمد أبو رزق
A,8,JOR,الرمثا,M. Al Saket,مجد الساكت
A,8,JOR,الفيصلي,Y. Al Bakhit,ياسين البخيت
A,7,JOR,البقعة,K. Sayaheen,خالد صياحين
A,7,JOR,الفيصلي,M. Abu Amara,منذر أبو عمارة
A,7,IRQ,الشرطة,S. Ahmed,سجاد أحمد
A,7,SAU,القادسية,Turki Al Ammar,تركي العمار
A,7,SAU,الاتحاد,Y. En Nesyri,يوسف النصيري
A,6,JOR,سحاب,A. A. Kabeer,أحمد عبد الكبير
A,6,JOR,شباب الأردن,A. Sabrah,أيهم سبرة
A,6,JOR,الوحدات,B. Henry,برنارد هنري
A,6,JOR,الوحدات,Cesar,سيزار
A,6,JOR,الفيصلي,L. Erwin,لي إروين
A,6,JOR,الفيصلي,M. Al Hallaq,محمد الحلاق
A,6,JOR,السلط,M. Niass,مامادو نياس
A,6,JOR,الحسين,Y. Abu Jalbush,يوسف أبو جلبوش
A,4,JOR,الحسين,S. Al Rosan,سعد الروسان
A,3,IRQ,الطلبة,S. Rasheed,صفاء رشيد
A,2,IRQ,النفط,Caique,كايكي
A,2,IRQ,القوة الجوية,M. Saadoon,مصطفى سعدون
A,2,IRQ,الكرمة,R. Bauer,روبرت باوير
A,2,SAU,نيوم,R. Messi,
A,2,SAU,الرياض,T. Okou,
A,1,IRQ,أربيل,Miullen,ميولين
A,1,IRQ,الغراف,P. Mumba,برنس مومبا
A,1,SAU,النصر,Samu Costa,سامو كوستا
A,1,SAU,الفيصلي,T. Bongonda,تيوفان بونغوندا
B,36,SAU,النصر,S. Mané,ساديو ماني
B,31,SAU,الهلال,S. Milinković-Savić,سيرجي ميلينكوفيتش-سافيتش
B,30,SAU,الفتح,M. Batna,مراد باتنا
B,25,SAU,الفتح,S. Bendebka,سفيان بن دبكة
B,23,SAU,الرائد,K. El Berkaoui,كريم البركاوي
B,23,SAU,الأهلي,R. Mahrez,رياض محرز
B,23,SAU,الرياض,Toze,توزي
B,21,SAU,التعاون,M. Barrow,موسى بارو
B,20,SAU,الاتحاد,H. Aouar,حسام عوار
B,20,IRQ,أربيل,S. Kareem,سيروان كريم
B,19,SAU,الرياض,B. Mensah,برنارد مينساه
B,19,SAU,الحزم,Fábio Martins,فابيو مارتينز
B,19,SAU,الخليج,K. Fortounis,كوستاس فورتونيس
B,18,IRQ,نفط ميسان,A. Saad,علاء سعد
B,18,SAU,القادسية,Abdullah Al Salem,عبد الله السالم
B,18,IRQ,الزوراء,Hasan Abdulkareem,حسن عبد الكريم
B,18,SAU,الاتحاد,S. Bergwijn,ستيفن بيرجوين
B,17,IRQ,النفط,H. Khalaf,حسام خلف
B,17,SAU,العروبة,Omar Al Somah,عمر السومة
B,16,IRQ,الغراف,A. Amutu,أوبينا أوموتو
B,16,SAU,الحزم,A. Sayoud,أمير سعيود
B,16,SAU,العروبة,Cristian Tello,كريستيان تيلو
B,16,IRQ,الشرطة,Mohammed Dawood,محمد داوود
B,15,IRQ,القوة الجوية,Alaa Abbas,علاء عباس
B,15,IRQ,ديالى,C. Opare,تشارلز أوباري
B,15,IRQ,نوروز,Cláudio Maradona,كلاوديو مارادونا
B,15,SAU,الأهلي,F. Kessie,فرانك كيسي
B,15,SAU,الفتح,M. Vargas,ماتياس فارغاس
B,15,IRQ,الزوراء,Mohammed Qasim,محمد قاسم
B,15,IRQ,الحدود,R. Da Costa,روبين دا كوستا
B,15,SAU,الخلود,R. Enrique,رامون إنريكي
B,14,IRQ,الشرطة,D. Mendy,دومينيك ميندي
B,14,IRQ,القوة الجوية,Issam Al Sabhi,عصام الصبحي
B,14,SAU,التعاون,João Pedro,جواو بيدرو
B,14,SAU,الأخدود,K. Narey,خالد ناري
B,14,SAU,الأهلي,Roberto Firmino,روبرتو فيرمينو
B,13,IRQ,الميناء,Ala'a Abdul Zahra,علاء عبد الزهرة
B,13,SAU,الفتح,Djaniny,دجانيني تفاريس
B,13,SAU,الرياض,F. Selemani,فايز سليماني
B,13,SAU,الخليج,G. Masouras,جيورجيوس ماسوراس
B,13,SAU,ضمك,H. Diallo,حبيب ديالو
B,13,SAU,الاتفاق,K. Al Ghannam,خالد الغنام
B,13,IRQ,الطلبة,Loay Al Ani,لؤي العاني
B,13,SAU,القادسية,M. Al Juwayr,مصعب الجوير
B,13,JOR,الرمثا,M. Al Zoubi,مجد الزعبي
B,13,SAU,الأخدود,S. Godwin,سافيور جودوين
B,13,IRQ,دهوك,Y. Ben Souda,يونس بن سودة
B,12,IRQ,ديالى,B. Okor,بنجامين أوكور
B,12,SAU,الوحدة,C. Goodwin,كريغ غودوين
B,12,SAU,الشباب,C. Guanca,كريستيان جوانكا
B,12,IRQ,أربيل,C. John,كريستوفر جون
B,12,IRQ,الحدود,D. Antwi,داغلو أنتوي
B,12,JOR,الجزيرة,H. Al Saifi,حمزة الصيفي
B,12,IRQ,الكرخ,Jaafar Kathem,جعفر كاظم
B,12,SAU,الاتفاق,K. Toko-Ekambi,كارل توكو إيكامبي
B,12,IRQ,الزوراء,M. Mohammad,ميثم محمد
B,12,SAU,الرياض,M. Sylla,موري سوري سيلا
B,12,IRQ,القوة الجوية,Saad Abdul Ameer,سعد عبد الأمير
B,12,SAU,الأخدود,Saleh Al Abbas,صالح العباس
B,12,SAU,الرائد,Saleh Al Amri,صالح العمري
B,12,SAU,الاتحاد,Saleh Al Shehri,صالح الشهري
B,12,IRQ,ديالى,W. Ramadhan,وسام رمضان
B,12,IRQ,الكهرباء,Y. Zakri,يانيك زاكري
B,11,SAU,نيوم,A. Lacazette,ألكسندر لاكازيت
B,11,SAU,الوحدة,Abdulaziz Noor,عبد العزيز نور
B,11,SAU,الأهلي,Gabri Veiga,غابري فييغا
B,11,IRQ,نفط البصرة,I. Ouro-Agoro,إسماعيل أورو أغيرو
B,11,SAU,الأهلي,Ibañez,روجر إيبانيز
B,11,IRQ,الشرطة,L. Esquerdinha,لوكاس إسكيردينها
B,11,SAU,الهلال,M. Kanno,محمد كنو
B,11,IRQ,أربيل,M. Qabeel,مصطفى قابيل
B,11,SAU,النصر,Otávio,أوتافيو
B,11,SAU,التعاون,S. Mandash,سلطان مندش
B,11,SAU,ضمك,V. Vada,فالنتين فادا
B,11,SAU,التعاون,W. Al Ahmad,وليد الأحمد
B,11,IRQ,النفط,W. Kareem,وليد كريم
B,10,IRQ,ديالى,A. Sfaxi,أسامة السفاقسي
B,10,SAU,التعاون,Abdulfattah Adam,عبد الفتاح آدم
B,10,IRQ,الشرطة,Aiman Yahya,أيمن يحيى
B,10,IRQ,نوروز,Aso Rustom,آسو رستم
B,10,IRQ,الشرطة,B. Shakir,بسام شاكر
B,10,SAU,الأخدود,C. Bassogog,كريستيان باسوغوغ
B,10,SAU,الشباب,Carlos Júnior,كارلوس جونيور
B,10,SAU,أبها,G. Krychowiak,غجيغوج كريخوفياك
B,10,IRQ,نفط البصرة,H. Dakhel,حسام داخل
B,10,IRQ,النجف,H. Mastouri,حازم المستوري
B,10,SAU,الفيحاء,H. Onyekuru,هنري أونيكورو
B,10,SAU,النصر,K. Coman,كينغسلي كومان
B,10,SAU,الرائد,M. Fouzair,محمد فوزير
B,10,IRQ,القوة الجوية,M. Oloumou,مارتن أولومو
B,10,IRQ,الكهرباء,M. Shafiu,موهتاف شافيو
B,10,IRQ,الكرخ,M. Soro Nanga,موري سورو نانغا
B,9,IRQ,الكهرباء,A. Faisal,أموري فيصل
B,9,IRQ,الكرمة,A. Hussein,عباس حسين
B,9,IRQ,كربلاء,Abd Al Qader Aziz,عبد القادر عزيز
B,9,IRQ,القوة الجوية,Ali Jasim,علي جاسم
B,9,IRQ,نفط ميسان,D. Diémé,داوودا دييمي
B,9,IRQ,دهوك,Hiran Ahmed,هيران أحمد
B,9,IRQ,دهوك,I. Louati,عماد اللواتي
B,9,SAU,النصر,J. Durán,جون دوران
B,9,IRQ,بغداد,J. Kareem,جبار كريم
B,9,SAU,الأخدود,K. Musona,نوليدج موسونا
B,9,IRQ,الميناء,Karrar Lateef,كرار لطيف
B,9,SAU,الفتح,L. Zelarayán,لوكاس زيلارايان
B,9,SAU,الاتحاد,M. Diaby,موسى ديابي
B,9,IRQ,نوروز,M. Ridha Jalil,محمد رضا جليل
B,9,SAU,الخليج,Mohamed Sherif,محمد شريف
B,9,IRQ,النجف,N. Sioud,نسيم صيود
B,9,IRQ,دهوك,Pashang Abdulla,باشانغ أبدولا
B,9,SAU,الاتفاق,Vitinho,فيتينيو
B,9,SAU,الخلود,Álex Collado,أليكس كولادو
B,8,SAU,الهلال,A. Al Bulayhi,علي البليحي
B,8,IRQ,القاسم,A. Basim,أحمد باسم
B,8,IRQ,الكرمة,A. Maknzi,أحمد مكنزي
B,8,IRQ,نوروز,A. Rostam,آكام رستم
B,8,IRQ,النفط,Ahmad Khaled,أحمد خالد
B,8,SAU,النصر,Aymeric Laporte,إيمريك لابورت
B,8,IRQ,الزوراء,B. Riascos,بريان رياسكوس
B,8,SAU,ضمك,F. Chafaï,فاروق شافعي
B,8,JOR,شباب الأردن,H. Al Naeem,حمزة النعيم
B,8,SAU,الشباب,Haroune Camara,هارون كمارا
B,8,IRQ,نوروز,Husam Malek,حسام مالك
B,8,IRQ,الحدود,Hussain Jabbar,حسين جبار
B,8,IRQ,كربلاء,Hussain Taleb,حسين طالب
B,8,IRQ,دهوك,K. Darwiche,كريم درويش
B,8,IRQ,الميناء,Mohannad Abdulraheem,مهند عبد الرحيم
B,8,SAU,الاتحاد,N. Kanté,نجولو كانتي
B,8,SAU,القادسية,N. Nandez,ناهيتان نانديز
B,8,SAU,ضمك,N. Stanciu,نيكولاي ستانتشيو
B,8,IRQ,نوروز,Neto Acara,نيتو أكارا
B,8,IRQ,الكهرباء,Nihad Mohammed,نهاد محمد
B,8,SAU,الفيحاء,R. López,رينزو لوبيز
B,8,SAU,الاتحاد,S. Al Rubaie,سعد الربيعي
B,8,IRQ,النفط,S. Yaseen,ستار ياسين
B,8,IRQ,الميناء,Y. Samia,يوسف سامية
B,7,IRQ,الشرطة,A. Farhan,أحمد فرحان
B,7,SAU,الرياض,A. Gray,أندريه غراي
B,7,JOR,الفيصلي,A. Moutari,أمادو موتاري
B,7,SAU,التعاون,A. Sabiri,عبد الحميد صابيري
B,7,SAU,الاتحاد,Abdulrahman Al Obud,عبد الرحمن العبود
B,7,SAU,التعاون,Andrei Girotto,أندريه جيروتو
B,7,IRQ,الحدود,Atheer Saleh,أثير صالح
B,7,IRQ,الغراف,B. Ghariani,بلال الجرياني
B,7,IRQ,الكرمة,C. Abogo,كريستيان أبوجو
B,7,IRQ,زاخو,D. Echeta,فرانك إيشيتا
B,7,IRQ,نفط ميسان,H. Talib,حيدر طالب
B,7,SAU,الوحدة,J. El Yamiq,جواد الياميق
B,7,SAU,الخلود,J. Muleka,جاكسون موليكا
B,7,SAU,الرائد,Júlio Tavares,خوليو تافاريس
B,7,JOR,الفيصلي,K. Zakaria,خالد زكريا
B,7,SAU,الرياض,L. Antunes,ليونيل أنتونيس
B,7,SAU,النجمة,Lazaro,لازارو
B,7,IRQ,الميناء,M. Abdulrahim,محمد عبد الرحيم
B,7,IRQ,الكرخ,M. Khalid Kofi,محمد خالد كوفي
B,7,IRQ,القوة الجوية,M. Ouattara,مصطفى واتارا
B,7,SAU,ضمك,M. Saadane,مصطفى سعدان
B,7,JOR,الوحدات,M. Samreen,
B,7,SAU,الشباب,Mohammed Al Thani,محمد الثاني
B,7,IRQ,الحدود,Muhaimen Salim,مهيمن سليم
B,7,IRQ,زاخو,Nasser Mohammedoh,ناصر محمدوه
B,7,IRQ,النجف,R. Fadel,رضا فاضل
B,7,IRQ,كربلاء,Sajjad Raad,سجاد رعد
B,7,IRQ,القوة الجوية,W. Jebor,ويليام جيبور
B,7,JOR,الصريح,Y. Al Rawashdeh,يوسف الرواشدة
B,7,IRQ,الكرخ,Y. Ghani,يونس غني
B,7,IRQ,الكرخ,Y. Hmoud,يوسف حمود
B,7,IRQ,النجف,Younes Hmood,يونس حمود
B,6,SAU,الأخدود,A. Burcă,أندريه بوركا
B,6,SAU,ضمك,A. Ceesay,أسان سيساي
B,6,IRQ,القوة الجوية,A. H. Hatam,أحمد حسن حاتم
B,6,SAU,الشباب,A. Hamdallah,عبد الرزاق حمد الله
B,6,JOR,الوحدات,A. M. Hammad A.,أحمد هشام حماد
B,6,JOR,البقعة,A. Mbaye,أليون مباي
B,6,IRQ,كربلاء,Abdullah Hassoun,عبد الله حسون
B,6,SAU,الاتفاق,Abdullah Radif,عبد الله رديف
B,6,IRQ,نوروز,Ahmad Mahmoud,أحمد محمود
B,6,IRQ,النفط,Ahmad Sabri,أحمد صبري
B,6,IRQ,القاسم,Ala'a Muhsen,علاء محسن
B,6,IRQ,الكرمة,Ali Husni,علي حسني
B,6,IRQ,نوروز,Ali Saleh,علي صالح
B,6,SAU,النصر,Angelo,أنجيلو غابرييل
B,6,IRQ,الشرطة,B. Moumouni,بوبكار موموني
B,6,IRQ,الكرخ,B. Okoronkwo,برنارد أوكورونكو
B,6,IRQ,أربيل,C. Barco,كلاوديو باركو
B,6,SAU,الفيحاء,C. Smalling,كريس سمولينغ
B,6,IRQ,زاخو,D. López,داروين لويز
B,6,SAU,الهلال,D. Nunez,داروين نونيز
B,6,IRQ,نفط ميسان,F. Abdul,فريد عبد الله
B,6,SAU,ضمك,F. Kamano,فرانسوا كامانو
B,6,IRQ,القوة الجوية,H. Jouini,هشام الجويني
B,6,IRQ,زاخو,H. Karim,هبيكار كريم
B,6,IRQ,الطلبة,H. Oueslati,حمزة الوسلاتي
B,6,SAU,الخلود,Hammam Al Hammami,همام الهمامي
B,6,IRQ,النجف,I. Atiemwen,إيوساي أتيموين
B,6,IRQ,النجف,I. Niang,إبراهيما نيانغ
B,6,IRQ,الزوراء,Ibrahim,إبراهيم غباداموسي
B,6,SAU,الرياض,Ibrahim Bayesh,إبراهيم بايش
B,6,IRQ,كربلاء,K. Benarif,كريم بنعريف
B,6,JOR,السلط,K. Onyemaechi,كينغسلي أونيمايتشي
B,6,SAU,نيوم,L. Rodriguez,لويس رودريغيز
B,6,SAU,التعاون,L. Tawamba,لياندر توامبا
B,6,IRQ,بغداد,M. Abdel Amir,مصطفى عبد الأمير
B,6,JOR,الأهلي,M. Al Razem,محمد الرزم
B,6,JOR,الوحدات,M. Allan,محمد علان
B,6,SAU,النصر,M. Brozović,مارسيلو بروزوفيتش
B,6,IRQ,أربيل,M. Cabrera,ماريو كابريرا
B,6,IRQ,الكرخ,M. Jamal,مجتبى جمال
B,6,SAU,التعاون,Mateus,ماتيوس كاسترو
B,6,IRQ,نوروز,Mohammad Sami,محمد سامي
B,6,SAU,التعاون,Mohammed Al Shwirekh,محمد الشويرخ
B,6,SAU,الرائد,O. Gonzalez,أومار غونزاليس
B,6,IRQ,القوة الجوية,R. Hanoon,رسن حنون
B,6,JOR,الوحدات,Rabia Al Alawi,ربيع العلوي
B,6,SAU,الوحدة,S. Bguir,سعد بقير
B,6,IRQ,النفط,S. Gbadebo,سامسون غباديبو
B,6,IRQ,القاسم,Saif Aldin Dhaher,سيف الدين ظاهر
B,6,IRQ,نفط ميسان,Sajjad Jabar,سجاد جبار
B,6,IRQ,نفط ميسان,U. Sale,أسامة صالي
B,6,SAU,ضمك,W. Hoedt,ويسلي هويدت
B,6,JOR,الوحدات,Y. Abu Al Jazar,يحيى أبو الجزر
B,5,IRQ,الميناء,A. Abdulzahra,عباس عبد الزهرة
B,5,JOR,الأهلي,A. Abu Kabir,أحمد أبو كبير
B,5,IRQ,الكهرباء,A. Aiad,علي إياد
B,5,JOR,الحسين,A. Al Attar,مجد العطار
B,5,JOR,الصريح,A. Awad,عبد الله عواد
B,5,JOR,السلط,A. Deeb,عامر ذيب
B,5,SAU,التعاون,A. Fulgini,أنجيلو فولجيني
B,5,JOR,الوحدات,A. Jamous,أحمد جاموس
B,5,JOR,الجزيرة,A. Mahmoud,أحمد محمود
B,5,SAU,الفتح,A. Sbaï,أنس السبيعي
B,5,JOR,الأهلي,A. Taima,أسامة طعيمة
B,5,SAU,الشباب,Abdulaziz Al Othman,عبد العزيز العثمان
B,5,SAU,الفيحاء,Alfa Semedo,ألفا سيميدو
B,5,IRQ,الحدود,Ali Kareem,علي كريم
B,5,IRQ,نفط ميسان,Ali Lateef,علي لطيف
B,5,IRQ,الزوراء,Ali Muhsen,علي محسن
B,5,SAU,الوحدة,Anselmo,أنسلمو دي مورايس
B,5,JOR,الوحدات,B. Kalbouneh,بكر كلبونة
B,5,IRQ,دهوك,B. Sambou,بوبكار سامبو
B,5,SAU,ضمك,Bruno Viana,برونو فيانا
B,5,JOR,العقبة,C. Canga,كريستيان كانغا
B,5,IRQ,نفط ميسان,C. M. Kouvouama,كريست كوفوواما
B,5,JOR,السلط,C. Semega,شيكنا سميغا
B,5,SAU,الاتحاد,Danilo Pereira,دانيلو بيريرا
B,5,IRQ,القوة الجوية,E. Al-Subhi,أدهم الصبحي
B,5,SAU,الأهلي,F. Al Buraikan,فراس البريكان
B,5,JOR,العقبة,F. Al Muzaini,فرج المزيني
B,5,SAU,العروبة,F. Al Zubaidi,فهد الزبيدي
B,5,IRQ,نوروز,G. Panom,غاتكوت بانوم
B,5,JOR,الفيصلي,H. Al Hourani,هادي الحوراني
B,5,SAU,الخلود,H. Bahebri,هتان باهبري
B,5,IRQ,القاسم,Haidar Majed,حيدر ماجد
B,5,IRQ,القاسم,Hussein Abdul Wahid,حسين عبد الواحد
B,5,SAU,الاتحاد,Igor Coronado,إيجور كورونادو
B,5,IRQ,الكرمة,J. Al Yahmadi,جميل اليحمدي
B,5,SAU,الشباب,J. Brownhill,جاشوا برونهيل
B,5,IRQ,الكرمة,J. Okoli,جيمس أوكولي
B,5,SAU,الفيحاء,Jason Remeseiro,خاسون ريميسيرو
B,5,SAU,الاتفاق,João Costa,جواو كوستا
B,5,IRQ,بغداد,K. El Keraa,خليل الكراع
B,5,SAU,الهلال,K. Koulibaly,كاليدو كوليبالي
B,5,JOR,الفيصلي,K. Mohannad,خالد مهند
B,5,IRQ,دهوك,Karim Darwich,كريم درويش
B,5,JOR,الحسين,L. Kacorri,لافرينت كاكوري
B,5,IRQ,الشرطة,Lucas,لوكاس سانتوس
B,5,SAU,الاتحاد,M. Al Shanqiti,مهند الشنقيطي
B,5,SAU,الأهلي,M. Demiral,مريح ديميرال
B,5,IRQ,الغراف,M. Konaté,محمد كوناتي
B,5,JOR,الوحدات,M. Mahmoud,محمد محمود
B,5,IRQ,الكرمة,M. Ogaili,محمد العقيلي
B,5,JOR,الوحدات,M. Shawkat,محمود شوكت
B,5,SAU,الشباب,M. Simakan,محمد سيماكان
B,5,IRQ,الكهرباء,M. Soueid,محمد سويد
B,5,IRQ,نفط البصرة,Mahmoud Ahmad,محمود أحمد
B,5,IRQ,زاخو,Mahmoud Al Aswad,محمود الأسود
B,5,SAU,الهلال,Michael,ميشيل ديلغادو
B,5,IRQ,الميناء,Muslim Mousa,مسلم موسى
B,5,IRQ,القوة الجوية,Mustafa Waleed Fatla,مصطفى وليد فتلة
B,5,JOR,الجزيرة,O. Al Qara,عدي القرا
B,5,IRQ,زاخو,Orinho,أورينيو
B,5,IRQ,نوروز,P. Komolafe,بول كومولافي
B,5,IRQ,نفط البصرة,Patrick Marcelino,باتريك مارسيلينو
B,5,SAU,الخليج,Paulo Ricardo,باولو ريكاردو
B,5,IRQ,النفط,R. Donfack,روستاند دونفاك
B,5,SAU,التعاون,R. Martínez,روجر مارتينيز
B,5,SAU,الاتحاد,Romarinho,رومارينيو
B,5,IRQ,الشرطة,S. Abdulkadhim,سجاد عبد كاظم
B,5,JOR,الوحدات,S. Rateb,صالح راتب
B,5,IRQ,الميناء,Sajjad Alaa,سجاد علاء
B,5,IRQ,الكرمة,Sajjad Jasim,سجاد جاسم
B,5,SAU,الهلال,T. Hernandez,ثيو هرنانديز
B,5,SAU,الأهلي,V. Atangana,فالنتين أتانغانا
B,5,SAU,الحزم,Y. Al Shammari,يوسف الشمري
B,5,SAU,ضمك,Y. Meite,ياكبو ميتي
B,5,IRQ,القوة الجوية,Zaid Tahseen,زيد تحسين
B,5,SAU,الاتفاق,Álvaro Medrán,ألفارو ميدران
B,4,IRQ,الكرمة,A. A. Eiad,علي أحمد إياد
B,4,IRQ,ديالى,A. Abd,علي عبد
B,4,IRQ,الكرمة,A. Abdelkader,عبد القادر زنادي
B,4,JOR,الحسين,A. Ajagun,عبد الجليل أجاجون
B,4,SAU,الخلود,A. Al Aliwa,عبد العزيز العليوة
B,4,SAU,الحزم,A. Al Dhuwayhi,
B,4,JOR,سما السرحان,A. Al Essawi,
B,4,SAU,الأخدود,A. Al Hatila,
B,4,JOR,الحسين,A. Alhaj,
B,4,SAU,ضمك,A. Bedrane,
B,4,SAU,التعاون,A. El Mahdioui,
B,4,IRQ,النفط,A. Khaled,
B,4,JOR,شباب الأردن,A. Meftahi,
B,4,SAU,الفيحاء,A. Nwakaeme,
B,4,IRQ,الكرخ,A. Qasim,
B,4,JOR,الفيصلي,A. S. Hashhash,
B,4,IRQ,النفط,A. Sabry,
B,4,SAU,الأهلي,A. Saint-Maximin,
B,4,IRQ,الميناء,A. Yas,
B,4,IRQ,زاخو,A. Yasin,
B,4,SAU,النصر,Abdulrahman Ghareeb,
B,4,SAU,الشباب,Ahmed Abdu,
B,4,IRQ,نفط ميسان,Ali Hussein,
B,4,IRQ,نفط الوسط,Ali Jassem,
B,4,IRQ,الزوراء,Ali Yousif,
B,4,IRQ,أربيل,Amjad Radhi,
B,4,IRQ,كربلاء,Aws Mohammad,
B,4,JOR,الرمثا,B. Al Diabat,
B,4,IRQ,الكرخ,B. Comey,
B,4,JOR,الوحدات,B. Faisal,
B,4,IRQ,بغداد,B. Kosimov,
B,4,SAU,الاتفاق,D. Gray,
B,4,IRQ,الكهرباء,D. Tetteh,
B,4,IRQ,زاخو,E. Deputy,
B,4,IRQ,زاخو,F. Abogo,
B,4,SAU,الاتفاق,F. Calvo,
B,4,SAU,الوحدة,F. Fajr,
B,4,IRQ,النجف,F. Ridha,
B,4,JOR,الوحدات,F. Shelbaieh,
B,4,SAU,الاتحاد,Fabinho,
B,4,SAU,النجمة,Felippe Cardoso,
B,4,SAU,الأهلي,Galeno,
B,4,IRQ,الزوراء,H. Ahmed,
B,4,JOR,البقعة,H. Al Zahrawi,
B,4,JOR,السلط,H. Zeyad,
B,4,IRQ,الميناء,Hameed Ali,
B,4,IRQ,الطلبة,Husain Abdullah,
B,4,IRQ,الشرطة,Hussein Ali,
B,4,SAU,الأخدود,I. Koné,
B,4,IRQ,ديالى,I. Tandia,
B,4,IRQ,الموصل,J. Medranda,
B,4,IRQ,دهوك,Jabar Kareem,
B,4,SAU,الاتحاد,Jota,
B,4,IRQ,النجف,K. Agbozo,
B,4,JOR,الرمثا,K. Nyanteh,
B,4,IRQ,الزوراء,Kadhim Raad,
B,4,SAU,القادسية,M. Abu Al Shamat,
B,4,SAU,التعاون,M. Al Kuwaykibi,
B,4,JOR,الرمثا,M. Al-Laham,
B,4,IRQ,الطلبة,M. Artien,
B,4,SAU,الحزم,M. Badamosi,
B,4,IRQ,أربيل,M. Chobanov,
B,4,IRQ,نوروز,M. D. Ismael,
B,4,JOR,شباب الأردن,M. K. Deeb,
B,4,JOR,الفيصلي,M. Kloub,
B,4,IRQ,الكهرباء,M. Nihad,
B,4,IRQ,الميناء,M. Qosim Nassif,
B,4,IRQ,الكرخ,M. Saleh,
B,4,JOR,شباب الأردن,M. Taha,
B,4,IRQ,أربيل,M. Zaddem,
B,4,SAU,ضمك,Meshari Al Nemer,
B,4,IRQ,الكرمة,Mohammad Adnan,
B,4,IRQ,ديالى,Mohammed Al Jumaili,
B,4,SAU,الاتفاق,Mohammed Al Kuwaykibi,
B,4,SAU,التعاون,Mohammed Al Qahtani,
B,4,IRQ,الميناء,Mohammed Jabbar Shwkan,
B,4,IRQ,الكهرباء,Montathar Adel,
B,4,IRQ,نوروز,Mortada Hodib,
B,4,SAU,الحزم,N. Al Habashi,
B,4,JOR,الفيصلي,O. Hani,
B,4,SAU,الخليج,P. Fernandes,
B,4,IRQ,بغداد,Pneu Flavio,
B,4,SAU,الفيحاء,Pozuelo,
B,4,JOR,مغير السرحان,Q. Tannous,
B,4,JOR,شباب الأردن,R. Abu Khizaran,
B,4,SAU,النجمة,R. Al Tulayhi,
B,4,IRQ,الكهرباء,R. Aminu,
B,4,IRQ,الموصل,R. Foning,
B,4,SAU,الشباب,R. Saïss,
B,4,IRQ,القوة الجوية,S. Abdulameer,
B,4,JOR,شباب الأردن,S. Farrash,
B,4,SAU,الفيحاء,S. Ganvoula,
B,4,IRQ,دهوك,S. Hadi,
B,4,JOR,مغير السرحان,S. Khankan,
B,4,IRQ,الموصل,S. Mohsen,
B,4,JOR,الحسين,S. Obaid,
B,4,IRQ,النجف,S. Raad,
B,4,SAU,الفتح,Saad Al Sharfa,
B,4,SAU,النصر,Salem Al Najdi,
B,4,IRQ,أربيل,Sefan Mansour,
B,4,IRQ,الطلبة,Shareef Abdul Kadhim,
B,4,SAU,الأهلي,Sumayhan Al Nabit,
B,4,IRQ,بغداد,T. Salhi,
B,4,SAU,نيوم,W. Troost-Ekong,
B,4,JOR,الجزيرة,Y. Bakheet,
B,4,SAU,الفيحاء,Y. Benzia,
B,4,SAU,الوحدة,Youssef Amyn,
B,4,JOR,الجزيرة,Z. Abu Abed,
B,4,IRQ,الطلبة,Z. Ismaeel,
B,4,IRQ,أربيل,Zaidan Abd Al Jabar,
B,4,SAU,الأهلي,Ziyad Al Johani,
B,3,JOR,الأهلي,A. A. Alkass,
B,3,JOR,الأهلي,A. Abu Kabeer,
B,3,SAU,النصر,A. Al Amri,
B,3,JOR,الرمثا,A. Al Azaizeh,
B,3,SAU,الاتحاد,A. Al Ghamdi,
B,3,SAU,نيوم,A. Al Haji,
B,3,SAU,النصر,A. Al Hamdan,
B,3,JOR,مغير السرحان,A. Al Harahshe,
B,3,JOR,الفيصلي,A. Al Shanaineh,
B,3,JOR,الفيصلي,A. Al-Arsa,
B,3,IRQ,دهوك,A. Alsanati,
B,3,JOR,الرمثا,A. Azizah,
B,3,IRQ,الميناء,A. Azzawi,
B,3,SAU,الحزم,A. Bah,
B,3,IRQ,الزوراء,A. Chtioui,
B,3,SAU,الطائي,A. Cordea,
B,3,SAU,الخلود,A. Dieng,
B,3,IRQ,الغراف,A. Hadhri,
B,3,IRQ,الطلبة,A. Hashem,
B,3,SAU,النجمة,A. Jasim,
B,3,SAU,نيوم,A. Kone,
B,3,IRQ,النجف,A. Louay,
B,3,IRQ,نفط ميسان,A. Mohammed,
B,3,IRQ,الشرطة,A. Mouddane,
B,3,IRQ,الطلبة,A. Muntadher,
B,3,IRQ,الموصل,A. Raheem,
B,3,IRQ,الطلبة,A. Y. Hashim,
B,3,SAU,الأهلي,Abdulbasit Hindi,
B,3,SAU,الهلال,Abdullah Al Hamddan,
B,3,IRQ,الشرطة,Abdulrazzaq Qasim,
B,3,IRQ,الكرمة,Ahmad Yaseen,
B,3,IRQ,الشرطة,Ahmed Yahia,
B,3,SAU,الشباب,Ali Al Hassan,
B,3,IRQ,نوروز,Ali Khalil,
B,3,IRQ,الزوراء,Ali Sadeq,
B,3,SAU,النجمة,B. Boutobba,
B,3,JOR,الرمثا,B. Thiabat,
B,3,SAU,الرياض,B. Touré,
B,3,IRQ,أربيل,C. Anderson,
B,3,SAU,القادسية,C. Bonsu Baah,
B,3,IRQ,الموصل,C. Ngah,
B,3,IRQ,الكهرباء,C. Pyagbara,
B,3,SAU,القادسية,Cameron Puertas,
B,3,JOR,الوحدات,D. Afaneh,
B,3,SAU,ضمك,D. Antolić,
B,3,SAU,الخليج,D. Kourbelis,
B,3,SAU,الأهلي,Dhari Al Anazi,
B,3,IRQ,زاخو,Dione,
B,3,IRQ,بغداد,E. Anang,
B,3,SAU,الأهلي,E. Millot,
B,3,IRQ,القاسم,E. Sou,
B,3,IRQ,أربيل,Evan Khaled,
B,3,SAU,أبها,F. Noguera,
B,3,JOR,الحسين,Fernandinho,
B,3,IRQ,أربيل,G. Luqman,
B,3,IRQ,الطلبة,G. Maaroufi,
B,3,JOR,الأهلي,H. A. Saada,
B,3,JOR,السلط,H. Abu Sadah,
B,3,IRQ,الشرطة,H. Ali,
B,3,JOR,الحسين,H. Dardour,
B,3,JOR,معان,H. Obeidat,
B,3,SAU,أبها,Hassan Al Ali,
B,3,IRQ,القوة الجوية,I. Abdullah,
B,3,JOR,السلط,I. Al Jawabri,
B,3,IRQ,ديالى,I. Harouna,
B,3,SAU,النصر,I. Martinez,
B,3,SAU,الوحدة,J. Bacuna,
B,3,SAU,الخلود,J. Buckley,
B,3,SAU,الفتح,J. Fernandes,
B,3,SAU,العروبة,J. Guðmunds­son,
B,3,SAU,ضمك,J. Harkass,
B,3,SAU,الأخدود,J. Pedroza,
B,3,IRQ,نفط ميسان,Jaafar Katea,
B,3,IRQ,بغداد,Jasem Mohammad Okla,
B,3,JOR,الرمثا,K. Al Awaqleh,
B,3,JOR,معان,K. Al Haj,
B,3,IRQ,الطلبة,K. Al Mukhtar,
B,3,IRQ,الطلبة,K. Aribi,
B,3,IRQ,النجف,K. J. Mohammd,
B,3,SAU,الهلال,Kaio César,
B,3,IRQ,بغداد,Karar Bari,
B,3,IRQ,الشرطة,Karrar Amer,
B,3,JOR,سحاب,M. Abu Arqoub,
B,3,SAU,النصر,M. Al Dossari,
B,3,JOR,الصريح,M. Al Eikish,
B,3,JOR,الرمثا,M. Al Sakhet,
B,3,JOR,الأهلي,M. Al Shuhri,
B,3,JOR,الوحدات,M. Al-Mawaly,
B,3,JOR,الصريح,M. Al-akash,
B,3,JOR,الصريح,M. Aleikish,
B,3,JOR,السلط,M. Ghannam,
B,3,JOR,الأهلي,M. Haddad,
B,3,JOR,الفيصلي,M. Hammadi,
B,3,JOR,الأهلي,M. Hassan,
B,3,JOR,الأهلي,M. Maraaba,
B,3,IRQ,الطلبة,M. Mezher,
B,3,JOR,الجزيرة,M. Sandouqa,
B,3,SAU,الخلود,M. Sawan,
B,3,IRQ,الطلبة,Mahdi Kamil,
B,3,SAU,الخليج,Mansour Hamzi,
B,3,IRQ,بغداد,Mateus Totô,
B,3,IRQ,الكرمة,Mohammad Dlawer,
B,3,IRQ,القاسم,Mohammad Khaled,
B,3,IRQ,الكرمة,Mohammad Mazhar,
B,3,SAU,النصر,Mohammed Al Fatil,
B,3,IRQ,دهوك,Moisés Lucas,
B,3,SAU,الوحدة,Mourad Khodari,
B,3,IRQ,كربلاء,Mustafa Radi,
B,3,IRQ,النفط,N. Effiong,
B,3,IRQ,نفط ميسان,N. Nangolo,
B,3,SAU,الأخدود,Naif Asiri,
B,3,IRQ,كربلاء,Noor Khamas,
B,3,IRQ,الكرمة,O. Abd Majbas,
B,3,JOR,الحسين,O. Al Fakhouri,
B,3,JOR,سما السرحان,O. Azmi,
B,3,JOR,الأهلي,O. Khader,
B,3,IRQ,الكرخ,Polegar,
B,3,IRQ,نوروز,R. Fariq,
B,3,SAU,الأهلي,R. Hamidou,
B,3,IRQ,الزوراء,R. Kadhim,
B,3,SAU,الاتفاق,R. Quaison,
B,3,IRQ,نفط ميسان,Reda Hajem,
B,3,SAU,الهلال,Renan Lodi,
B,3,IRQ,الشرطة,Rewan Amin,
B,3,JOR,الوحدات,S. Al Qadi,
B,3,SAU,الفيحاء,S. Dahal,
B,3,IRQ,النفط,S. Hien,
B,3,SAU,أبها,S. Kvirkvelia,
B,3,IRQ,الكهرباء,S. Ouattara,
B,3,JOR,الوحدات,S. Seedorf,
B,3,IRQ,نفط الوسط,Samer Muhsen,
B,3,SAU,النجمة,Samir Caetano,
B,3,SAU,الهلال,Saud Abdulhamid,
B,3,JOR,الحسين,Sharara,
B,3,SAU,النصر,Sultan Al Ghannam,
B,3,IRQ,الميناء,T. Kisinda,
B,3,SAU,الرياض,Talal Haji,
B,3,IRQ,الكرمة,Tiago Leonco,
B,3,SAU,الطائي,V. Misidjan,
B,3,JOR,شباب الأردن,W. Al Barri,
B,3,JOR,الحسين,W. Al Riyalat,
B,3,IRQ,الشرطة,W. Ben Othmane,
B,3,JOR,الأهلي,Wildson Indio,
B,3,SAU,الرياض,Y. Barbet,
B,3,JOR,شباب الأردن,Y. Garabla,
B,3,JOR,الحسين,Y. Qashi,
B,3,SAU,الوحدة,Yahya Naji,
B,3,IRQ,أربيل,Yaseen Samia,
B,3,IRQ,بغداد,Z. Jabbar,
B,3,SAU,أبها,Zakaria Al Sudani,
B,2,SAU,الهلال,0                         A. Mitrović,
B,2,SAU,الأهلي,0                         F. Kessié,
B,2,SAU,القادسية,A. A. Hazazi,
B,2,JOR,سما السرحان,A. Abd Rabbo,
B,2,JOR,الجزيرة,A. Abu Shaireh,
B,2,SAU,الفتح,A. Al Anazi,
B,2,JOR,السلط,A. Al Azzam,
B,2,SAU,الفتح,A. Al Masoud,
B,2,JOR,مغير السرحان,A. Al Mazawda,
B,2,JOR,الرمثا,A. Al Moughrabi,
B,2,SAU,الحزم,A. Al Nakhli,
B,2,SAU,ضمك,A. Al Qahtani,
B,2,JOR,الحسين,A. Al Quraishi,
B,2,JOR,الرمثا,A. Al Shaqran,
B,2,JOR,شباب الأردن,A. Ayman,
B,2,SAU,الشباب,A. Azaizeh,
B,2,JOR,شباب الأردن,A. Baniouwda,
B,2,JOR,الحسين,A. Coffey,
B,2,JOR,الوحدات,A. Daoud Haikal,
B,2,IRQ,النجف,A. Fadhil Abbas,
B,2,SAU,النصر,A. Ghareeb,
B,2,JOR,البقعة,A. Jarwan,
B,2,IRQ,القاسم,A. Kareem,
B,2,IRQ,نفط البصرة,A. Khalel,
B,2,IRQ,دهوك,A. Koune,
B,2,JOR,شباب الأردن,A. Malik,
B,2,JOR,الجزيرة,A. Mari,
B,2,IRQ,الشرطة,A. Mcharek,
B,2,IRQ,القاسم,A. Mehesen,
B,2,JOR,العقبة,A. Mohammad,
B,2,JOR,معان,A. Mutasem,
B,2,IRQ,الغراف,A. Nadhim,
B,2,IRQ,الزوراء,A. Nasib,
B,2,JOR,شباب الأردن,A. Rabaei,
B,2,IRQ,النجف,A. Raheem wali Kenani,
B,2,JOR,معان,A. S. Abu Zama S.,
B,2,IRQ,أربيل,A. S. Omar,
B,2,IRQ,الشرطة,A. Sabah,
B,2,IRQ,الشرطة,A. Saleh,
B,2,JOR,الرمثا,A. Salman,
B,2,JOR,الوحدات,A. Taha,
B,2,IRQ,القوة الجوية,A. Umar,
B,2,IRQ,ديالى,A. Zamil,
B,2,SAU,الأهلي,Abbas Al Hassan,
B,2,IRQ,نفط الوسط,Abbas Jasem,
B,2,IRQ,الكرمة,Abbas Qasim,
B,2,SAU,النصر,Abdulaziz Al Elewai,
B,2,SAU,النصر,Abdulelah Al Amri,
B,2,SAU,الرياض,Abdulhadi Al Harajin,
B,2,SAU,ضمك,Abdullah Al Ammar,
B,2,SAU,الوحدة,Abdullah Al Hafith,
B,2,SAU,الهلال,Abdullah Al Hamdan,
B,2,SAU,التعاون,Abdulmalik Al Oyayari,
B,2,IRQ,الكرخ,Abo Dhor Abd Al Sada,
B,2,IRQ,الزوراء,Ahmad Abd Al Hussain,
B,2,IRQ,الكهرباء,Ahmad Ayed,
B,2,IRQ,نوروز,Ahmad Saeed,
B,2,IRQ,الزوراء,Ahmad Zamel,
B,2,SAU,الاتحاد,Ahmed Al Ghamdi,
B,2,SAU,ضمك,Ahmed Al Zain,
B,2,IRQ,دهوك,Ako Hzair,
B,2,IRQ,نفط ميسان,Akram Raheem,
B,2,JOR,الأهلي,Al Ahli,
B,2,IRQ,نفط البصرة,Alaa Raad Al Hamadani,
B,2,SAU,النصر,Alex Telles,
B,2,IRQ,ديالى,Ali Khaled,
B,2,IRQ,الطلبة,Ali Mahdi Altaieen,
B,2,IRQ,النفط,Ali Raheem,
B,2,IRQ,ديالى,Anas Malik,
B,2,IRQ,القاسم,Ayman Rzaj,
B,2,SAU,التعاون,B. Al Hurayji,
B,2,SAU,العروبة,B. Young,
B,2,SAU,التعاون,C. Zambrano,
B,2,IRQ,القوة الجوية,D. Ajibola,
B,2,JOR,معان,D. Bensaadallah,
B,2,IRQ,الموصل,D. Ibrahim,
B,2,IRQ,الكرخ,D. Talla,
B,2,SAU,النجمة,D. Tijanic,
B,2,SAU,الشباب,Daniel Podence,
B,2,JOR,الرمثا,E. Al Awqla,
B,2,SAU,العروبة,E. Boateng,
B,2,JOR,الحسين,E. Haddad,
B,2,IRQ,القاسم,E. Ogude,
B,2,JOR,البقعة,E. Sidi,
B,2,IRQ,بغداد,F. Deda,
B,2,JOR,الحسين,F. Ghatasha,
B,2,JOR,شباب الأردن,F. Haikal,
B,2,SAU,الاتفاق,F. Pacheco,
B,2,SAU,الأخدود,F. Tănase,
B,2,SAU,الشباب,Fahad Al Muwallad,
B,2,IRQ,القاسم,Falah Abd Al Kareem,
B,2,SAU,الاتحاد,Farhah Al Shamrani,
B,2,JOR,العقبة,G. Almaddah,
B,2,SAU,الشباب,G. Bonaventura,
B,2,IRQ,القاسم,G. Jamabo,
B,2,IRQ,نوروز,G. Laura,
B,2,SAU,الاتفاق,G. Wijnaldum                                  1,
B,2,SAU,الخلود,Guga,
B,2,JOR,العقبة,H. Abudahab,
B,2,JOR,الرمثا,H. Al Khalidi,
B,2,JOR,سما السرحان,H. Al Qudah,
B,2,SAU,الخليج,H. Al Sultan,
B,2,IRQ,أربيل,H. Al Zubaidi,
B,2,JOR,الوحدات,H. Cedric,
B,2,IRQ,النجف,H. Dhafir,
B,2,IRQ,الكهرباء,H. Jassem,
B,2,IRQ,النفط,H. Lawend,
B,2,JOR,سما السرحان,H. Mahross,
B,2,IRQ,أربيل,Halo Faiq,
B,2,SAU,الاتحاد,Hamed Al Ghamdi,
B,2,IRQ,الكرخ,Hasan Khaled,
B,2,IRQ,الطلبة,Hasan Naim,
B,2,IRQ,القوة الجوية,Hasan Raed Matrook,
B,2,SAU,الاتحاد,Hassan Kadish,
B,2,SAU,التعاون,Hatan Bahbri,
B,2,IRQ,الطلبة,Hello Fayeq,
B,2,SAU,الخليج,Hisham Al Dubais,
B,2,IRQ,الحدود,Hussain Abd Al Reda,
B,2,SAU,الشباب,Hussain Al Sibyani,
B,2,IRQ,الزوراء,Hussain Falah,
B,2,IRQ,بغداد,Hussein Ziyad,
B,2,IRQ,أربيل,Hélio Baptista,
B,2,JOR,معان,I. Al Rowwad,
B,2,IRQ,نوروز,I. Ifeanyi,
B,2,JOR,الرمثا,I. Ivanovski,
B,2,SAU,العروبة,I. Kandouss,
B,2,IRQ,الكهرباء,I. Mensah,
B,2,IRQ,نوروز,I. Mohammed,
B,2,SAU,الخليج,J. Hendry,
B,2,IRQ,الميناء,J. Kararr,
B,2,JOR,الحسين,J. Medina Themopole,
B,2,SAU,ضمك,J. Okita,
B,2,JOR,العقبة,K. Al Asouli,
B,2,JOR,الحسين,K. Baniateyah,
B,2,JOR,الجزيرة,K. Dader,
B,2,IRQ,الزوراء,Karar Nabeel,
B,2,SAU,الرياض,Khalid Al Shuwayyi,
B,2,SAU,الفيحاء,Khalid Kaabi,
B,2,IRQ,الشرطة,L. Atiba,
B,2,SAU,الخليج,L. López,
B,2,IRQ,الميناء,Lolo,
B,2,IRQ,الميناء,Lolo Plá,
B,2,SAU,الرياض,Lucas Kal,
B,2,IRQ,القاسم,M. Abdulkhaleq,
B,2,SAU,الرائد,M. Abeid,
B,2,JOR,مغير السرحان,M. Abu Dahab,
B,2,JOR,السلط,M. Abu Hasheesh,
B,2,SAU,الهلال,M. Al Harbi,
B,2,SAU,الخليج,M. Al Hawsawi,
B,2,SAU,الاتفاق,M. Al Olayan,
B,2,IRQ,زاخو,M. Ali Abbood,
B,2,IRQ,الطلبة,M. Bentarcha,
B,2,IRQ,بغداد,M. Bobojonov,
B,2,JOR,شباب الأردن,M. Caicedo,
B,2,IRQ,دهوك,M. Dawood Yaseen,
B,2,SAU,الهلال,M. Doumbia,
B,2,SAU,الطائي,M. Dugandžić,
B,2,JOR,العقبة,M. El Gohary,
B,2,IRQ,الكرمة,M. F. Agbotcho,
B,2,IRQ,بغداد,M. Falah,
B,2,JOR,مغير السرحان,M. Freitakh,
B,2,JOR,الجزيرة,M. G. Madadha,
B,2,JOR,الجزيرة,M. Gyabaah,
B,2,IRQ,الزوراء,M. Humaidan,
B,2,IRQ,النجف,M. Jasi,
B,2,JOR,الحسين,M. Kharouba,
B,2,SAU,الاتحاد,M. Mitaj,
B,2,JOR,الجزيرة,M. Moawad,
B,2,JOR,الحسين,M. Morsi,
B,2,JOR,السلط,M. Muttalib,
B,2,IRQ,زاخو,M. Nasser,
B,2,SAU,الاتفاق,M. Nkota,
B,2,SAU,الرائد,M. Normann,
B,2,SAU,التعاون,M. Petkov,
B,2,JOR,الوحدات,M. Rateb,
B,2,IRQ,الغراف,M. Saad,
B,2,IRQ,الشرطة,M. Sadoun,
B,2,IRQ,نفط ميسان,M. Salam,
B,2,IRQ,زاخو,M. Sawlah,
B,2,JOR,الرمثا,M. Wael,
B,2,JOR,السلط,M. Zureigat,
B,2,IRQ,دهوك,Marlon,
B,2,SAU,الاتحاد,Marwan Al Sahafi,
B,2,SAU,الأهلي,Matheus Goncalves,
B,2,IRQ,زاخو,Matheus Lucas,
B,2,SAU,الفتح,Matheus Machado,
B,2,IRQ,الزوراء,Maytham Jabbar,
B,2,IRQ,الحدود,Mohammad Baqer,
B,2,IRQ,الكهرباء,Mohammad Salam,
B,2,SAU,الرياض,Mohammed Al Aqel,
B,2,SAU,الأهلي,Mohammed Sulaiman,
B,2,SAU,العروبة,Mohannad Abu Taha,
B,2,IRQ,الميناء,Mujtaba Ali,
B,2,IRQ,الكرمة,Muntadher Abdulameer,
B,2,IRQ,نفط الوسط,Muntadher Sattar,
B,2,IRQ,الكهرباء,Murtadha Hadib,
B,2,IRQ,نفط الوسط,Murtaja Adel,
B,2,IRQ,ديالى,Mustafa Mahmoud,
B,2,SAU,الاتفاق,N. Al Haleel,
B,2,IRQ,الزوراء,N. Al Rashdan,
B,2,IRQ,الطلبة,N. D. Ndasi,
B,2,SAU,نيوم,N. Zeze,
B,2,IRQ,نفط الوسط,Naji Natiq,
B,2,SAU,الهلال,Nasser Al Dawsari,
B,2,IRQ,الطلبة,Nihad Muhammad,
B,2,JOR,البقعة,O. Abu Aqoleh,
B,2,JOR,الصريح,O. Arqibat,
B,2,SAU,الهلال,O. Mosquera,
B,2,IRQ,أربيل,O. Mrsic,
B,2,IRQ,زاخو,O. Rashid,
B,2,JOR,السلط,O. Sawaftah,
B,2,IRQ,الكرخ,Omar Nori,
B,2,JOR,الحسين,Pedro Henrique,
B,2,IRQ,نفط البصرة,Q. Khalif Mohammed,
B,2,JOR,الجزيرة,R. Hussein,
B,2,IRQ,الميناء,R. Majji,
B,2,IRQ,نفط ميسان,R. Maraksi,
B,2,JOR,سما السرحان,R. Shawahna,
B,2,JOR,الفيصلي,R. Wanga,
B,2,IRQ,بغداد,Raad Faner,
B,2,SAU,الطائي,Rakan Shamlan,
B,2,SAU,ضمك,Ramzi Solan,
B,2,SAU,الاتحاد,Roger,
B,2,IRQ,نفط البصرة,Romeu,
B,2,IRQ,أربيل,Rwa,
B,2,IRQ,الحدود,S. Abd-Ridha,
B,2,SAU,الأهلي,S. Abu Al Shamat,
B,2,JOR,الوحدات,S. Al Quza,
B,2,IRQ,القاسم,S. Bagayoko,
B,2,SAU,النصر,S. Balobaid,
B,2,JOR,الحسين,S. Darwish,
B,2,SAU,الاتفاق,S. Fofana,
B,2,SAU,الرياض,S. Haroun,
B,2,JOR,السلط,S. Jaarah,
B,2,IRQ,الحدود,S. Kurdistan,
B,2,IRQ,الحدود,S. Mena,
B,2,JOR,الجليل,S. Ofori,
B,2,IRQ,الكرخ,S. Okuruket,
B,2,SAU,الأخدود,S. Pedroza,
B,2,JOR,العقبة,S. Taher,
B,2,SAU,الأهلي,Saeed Al Hamsal,
B,2,IRQ,الشرطة,Sajad Jassem,
B,2,IRQ,الميناء,Sajed Hashem,
B,2,IRQ,الحدود,Seaf Jasem,
B,2,IRQ,دهوك,Seamend Akeed,
B,2,JOR,الرمثا,Shararh,
B,2,IRQ,الموصل,U. Bashiru,
B,2,SAU,الحزم,Vina,
B,2,IRQ,النجف,W. Cruz,
B,2,JOR,الجزيرة,W. Nabhan,
B,2,JOR,الجزيرة,W. Nazih,
B,2,SAU,الفتح,Wesley Delgado,
B,2,IRQ,الزوراء,Y. Aziz,
B,2,SAU,الرائد,Yahya Sunbul,
B,2,SAU,الأخدود,Yaseen Al Zubaidi,
B,2,IRQ,دهوك,Yazkar Younes,
B,2,JOR,مغير السرحان,Z. Abu Alresh,
B,2,IRQ,دهوك,Z. Allée,
B,2,SAU,الفتح,Z. Youssouf,
B,2,IRQ,الطلبة,Zayed Tahseen,
B,2,SAU,الفيحاء,Ziyad Al Sahafi,
B,2,SAU,الشباب,É. Banega,
B,2,SAU,الوحدة,Ó. Duarte,
B,1,SAU,الاتحاد,0                         A. Hamed Allah,
B,1,SAU,الرائد,0                         A. Sayoud,
B,1,SAU,الرياض,0                         B. Touré,
B,1,IRQ,الكرخ,0                         Caio,
B,1,SAU,النصر,0                         Cristiano Ronaldo,
B,1,SAU,الخلود,0                         M. Maolida,
B,1,SAU,الشباب,0                         Musab Al Juwayr,
B,1,SAU,النصر,0                         S. Mané,
B,1,IRQ,النجف,0                         Younes Hmood,
B,1,SAU,الهلال,1                         A. Mitrović,
B,1,IRQ,ديالى,1                         Ahmad Turky,
B,1,IRQ,الميناء,1                         Sajjad Alaa,
B,1,SAU,الأهلي,1                         Sumayhan Al Nabit,
B,1,SAU,الطائي,2                         Khalid Al Shuwayyi,
B,1,SAU,الفيحاء,4                         F. Sakala,
B,1,IRQ,نفط البصرة,4                         Jaílson,
B,1,SAU,الرياض,4                         Lucas Kal,
B,1,IRQ,بغداد,4                         Mohammed Al Jumaili,
B,1,IRQ,الشرطة,4                         Sajjad Jasim,
B,1,SAU,التعاون,4                         Sattam Al Roqi,
B,1,IRQ,الطلبة,4                         Zayed Tahseen,
B,1,SAU,الأخدود,5                         Mohammed Al Jahif,
B,1,IRQ,الشرطة,5                         Sajad Jassem,
B,1,IRQ,الطلبة,8                         Mohammad Jawad,
B,1,IRQ,الكهرباء,A. A. Hassan,
B,1,JOR,الرمثا,A. A. Manaisa,
B,1,IRQ,القوة الجوية,A. A. Taher,
B,1,IRQ,القاسم,A. Abbas,
B,1,SAU,نيوم,A. Abdu,
B,1,JOR,مغير السرحان,A. Abdul Qader,
B,1,IRQ,القوة الجوية,A. Abdulnabi,
B,1,JOR,مغير السرحان,A. Abu Salik,
B,1,JOR,الرمثا,A. Abuhudieab,
B,1,IRQ,زاخو,A. Adam,
B,1,SAU,النجمة,A. Adnan,
B,1,JOR,الجزيرة,A. Al Asassleh,
B,1,JOR,مغير السرحان,A. Al Bashir,
B,1,SAU,الاتحاد,A. Al Bishi,
B,1,SAU,الحزم,A. Al Dakheel,
B,1,SAU,الخلود,A. Al Dawsari,
B,1,SAU,الحزم,A. Al Dwehe,
B,1,JOR,الحسين,A. Al Hajj,
B,1,JOR,الوحدات,A. Al Harahsheh,
B,1,JOR,العقبة,A. Al Hussein,
B,1,SAU,الفيحاء,A. Al Khaibari,
B,1,SAU,الاتحاد,A. Al Oboud,
B,1,SAU,نيوم,A. Al Oyayari,
B,1,JOR,الرمثا,A. Al Refaie,
B,1,JOR,الرمثا,A. Al Salman,
B,1,SAU,الحزم,A. Al Shamrani,
B,1,SAU,الحزم,A. Al Shanqiti,
B,1,IRQ,الغراف,A. Al-Maari,
B,1,JOR,شباب الأردن,A. Al-Refaei,
B,1,JOR,الجزيرة,A. Alessawi,
B,1,IRQ,بغداد,A. Arzaij,
B,1,JOR,العقبة,A. Badawi,
B,1,IRQ,الكرخ,A. Bakari,
B,1,JOR,الحسين,A. Bani,
B,1,SAU,الوحدة,A. Crețu,
B,1,SAU,الاتحاد,A. Dahmen,
B,1,SAU,الرياض,A. Doucoure,
B,1,IRQ,نوروز,A. Dridi,
B,1,IRQ,الكهرباء,A. Eidan,
B,1,JOR,الوحدات,A. Elias,
B,1,JOR,السلط,A. Esrewa,
B,1,IRQ,النجف,A. Faez,
B,1,IRQ,الغراف,A. Fawzi,
B,1,JOR,الحسين,A. Hajabi,
B,1,JOR,العقبة,A. Halaweh,
B,1,IRQ,القاسم,A. Hassan,
B,1,SAU,نيوم,A. Hegazy,
B,1,JOR,شباب الأردن,A. Hisham,
B,1,IRQ,أربيل,A. Hzair,
B,1,IRQ,ديالى,A. Ikefe,
B,1,IRQ,النجف,A. J. Khalaf,
B,1,JOR,السلط,A. Jassin,
B,1,IRQ,نفط ميسان,A. K. Hanon,
B,1,IRQ,الزوراء,A. Kazem,
B,1,IRQ,ديالى,A. Khalid Abd-Alruhman,
B,1,JOR,العقبة,A. Khdour,
B,1,IRQ,نفط ميسان,A. Kute,
B,1,IRQ,نفط ميسان,A. Latif,
B,1,IRQ,ديالى,A. M. Sabarah,
B,1,SAU,الأهلي,A. Majrashi,
B,1,SAU,الفيصلي,A. Mendy,
B,1,IRQ,ديالى,A. Mhaisen,
B,1,IRQ,الكهرباء,A. Montather,
B,1,IRQ,الكهرباء,A. Montazer,
B,1,SAU,النجمة,A. Moris,
B,1,IRQ,النفط,A. Moses,
B,1,IRQ,القاسم,A. Muhaisn,
B,1,IRQ,الكهرباء,A. Ngoba,
B,1,IRQ,القوة الجوية,A. Noor,
B,1,JOR,الأهلي,A. Odeh,
B,1,IRQ,الكرمة,A. Olwan,
B,1,IRQ,نفط البصرة,A. Omwele,
B,1,JOR,الرمثا,A. Oseni,
B,1,IRQ,الكرخ,A. Qasim Yousef,
B,1,SAU,الرائد,A. Qasmi,
B,1,JOR,الأهلي,A. Rabbo,
B,1,IRQ,الكرخ,A. Rasol,
B,1,IRQ,الشرطة,A. Salih,
B,1,JOR,السلط,A. Sawafta,
B,1,JOR,الفيصلي,A. Shaira,
B,1,JOR,السلط,A. Shamsaldin,
B,1,IRQ,الطلبة,A. Suhail,
B,1,IRQ,كربلاء,A. Tarek,
B,1,IRQ,الزوراء,A. Tarkhatt,
B,1,IRQ,القوة الجوية,A. Temanfo,
B,1,JOR,الوحدات,A. Thaer,
B,1,JOR,الفيصلي,A. Werq,
B,1,JOR,الأهلي,A. Wishah,
B,1,IRQ,نفط ميسان,A. Yuli,
B,1,JOR,الرمثا,A. Z. Al Mutasembellah,
B,1,IRQ,نفط البصرة,A. Zeke Omwele,
B,1,IRQ,النجف,A. Zero,
B,1,SAU,الفتح,Abbas Al Hassan                                  0,
B,1,IRQ,النفط,Abbas Badie,
B,1,IRQ,نفط البصرة,Abbas Badie                                  1,
B,1,SAU,الطائي,Abdulaziz Al Harabi,
B,1,SAU,الأخدود,Abdulaziz Al Hatila,
B,1,SAU,ضمك,Abdulaziz Al Shahrani,
B,1,SAU,الرائد,Abdulbasit Hawsawi,
B,1,SAU,ضمك,Abdulelah Al Bukhari,
B,1,SAU,الخليج,Abdulelah Hawsawi,
B,1,SAU,الأهلي,Abdulkarim Darisi,
B,1,IRQ,القاسم,Abdullah Abd Al Amir,
B,1,SAU,ضمك,Abdullah Al Ammar                                 ,
B,1,SAU,الطائي,Abdullah Al Fahad,
B,1,SAU,النصر,Abdullah Al Khaibari,
B,1,SAU,الرياض,Abdullah Al Owaishir,
B,1,SAU,التعاون,Abdullah Al Yousif,
B,1,SAU,الاتفاق,Abdullah Khateeb,
B,1,SAU,الاتفاق,Abdullah Madu,
B,1,SAU,النصر,Abdulmajeed Al Sulayhim,
B,1,SAU,التعاون,Abdulmalek Al Shammari,
B,1,SAU,الخلود,Abdulrahman Al Safari,
B,1,SAU,الشباب,Abdulraouf Al Duqayl,
B,1,SAU,الحزم,Ahmad Al Mhemaid,
B,1,IRQ,القاسم,Ahmad Ali,
B,1,SAU,الرياض,Ahmad Asiri,
B,1,IRQ,زاخو,Ahmad Dawood,
B,1,IRQ,أربيل,Ahmad Hassan,
B,1,IRQ,زاخو,Ahmad Nadhim,
B,1,IRQ,زاخو,Ahmad Nadhim                                  4,
B,1,IRQ,ديالى,Ahmad Turky,
B,1,IRQ,أربيل,Ahmed Abdul Ameer,
B,1,SAU,الهلال,Ahmed Al Juwaid,
B,1,IRQ,القوة الجوية,Ahmed Al Sarori,
B,1,SAU,التعاون,Ahmed Ashraf,
B,1,SAU,التعاون,Ahmed Bahusayn,
B,1,IRQ,الحدود,Ahmed Naji,
B,1,IRQ,نفط ميسان,Alaa Al Dali                                  2,
B,1,IRQ,النجف,Alaa Ali Mhawi,
B,1,SAU,الوحدة,Ala´a Al Hajji,
B,1,JOR,الفيصلي,Alhaj,
B,1,IRQ,الميناء,Ali Abbas,
B,1,IRQ,النجف,Ali Abdullah Salal,
B,1,SAU,الأهلي,Ali Al Asmari,
B,1,SAU,الهلال,Ali Al Bulayhi                                  4,
B,1,SAU,الهلال,Ali Al Bulayhi                                  5,
B,1,SAU,الوحدة,Ali Al Salem,
B,1,SAU,الرياض,Ali Al Zaqan,
B,1,IRQ,النجف,Ali Faez Atiyah,
B,1,IRQ,الزوراء,Ali Kadhim,
B,1,SAU,الخلود,Ali Lajami,
B,1,SAU,الأهلي,Ali Majrashi,
B,1,IRQ,أربيل,Ali Shakhowan Omar,
B,1,JOR,الفيصلي,Amado,
B,1,IRQ,الكهرباء,Amir Jaleel,
B,1,IRQ,النفط,Ammar Kazem,
B,1,IRQ,الميناء,André Al Sanati,
B,1,SAU,ضمك,Arielson,
B,1,IRQ,بغداد,Ashar Ali,
B,1,SAU,الخليج,Awn Al Saluli,
B,1,SAU,ضمك,Ayman Fallatah,
B,1,IRQ,زاخو,Ayoub Nanah,
B,1,IRQ,الغراف,B. Hassan,
B,1,SAU,الأخدود,B. Ince,
B,1,SAU,الأخدود,B. Kramer,
B,1,SAU,الطائي,B. Mensah                                  0,
B,1,IRQ,نفط ميسان,B. N'Diaye,
B,1,IRQ,الكرمة,B. Othman,
B,1,JOR,معان,B. Soufi,
B,1,SAU,أبها,Bader Munshi,
B,1,SAU,الوحدة,Bandar Darwish,
B,1,IRQ,الحدود,Baqer Atwan,
B,1,IRQ,أربيل,Barzan Sherzad,
B,1,SAU,الخلود,Bassem Al Arini,
B,1,IRQ,دهوك,Bayar Abubakir,
B,1,SAU,الهلال,Bento,
B,1,SAU,التعاون,Biel,
B,1,IRQ,الموصل,C. Aleman,
B,1,IRQ,الكرخ,C. Dauda,
B,1,IRQ,دهوك,C. El Bahri,
B,1,IRQ,ديالى,C. Salhi,
B,1,IRQ,الكرخ,Caio,
B,1,JOR,الجزيرة,D. Calderon,
B,1,IRQ,الشرطة,D. Chembezi,
B,1,JOR,سما السرحان,D. Diakhate,
B,1,SAU,القادسية,D. Flores,
B,1,SAU,الأهلي,D. Lowe,
B,1,IRQ,النجف,D. Mendy                                  3,
B,1,SAU,الرياض,D. Ndong,
B,1,IRQ,نفط ميسان,D. Olatunji,
B,1,IRQ,الطلبة,D. Pazmino,
B,1,IRQ,أربيل,D. Younis Al Imari,
B,1,IRQ,زاخو,Dilovan Mohammed,
B,1,IRQ,القوة الجوية,E. Al Rasheedi,
B,1,JOR,الرمثا,E. Awaklah,
B,1,IRQ,زاخو,E. Cekici,
B,1,JOR,الرمثا,E. H. Salem,
B,1,SAU,القادسية,E. Houssa,
B,1,SAU,الحزم,E. Mokwana,
B,1,IRQ,أربيل,E. Okwi,
B,1,SAU,الطائي,E. Roco,
B,1,SAU,الرياض,E. Sali,
B,1,SAU,الأهلي,E. Spertsyan,إدوارد سبيرتسيان
B,1,SAU,الخلود,E. Utkus,
B,1,IRQ,دهوك,El Bahri,
B,1,SAU,القادسية,Ezequiel Fernández,
B,1,IRQ,القاسم,F. Abdalkareem,
B,1,JOR,الأهلي,F. Abu Shanab,
B,1,SAU,الاتحاد,F. Al Ghamdi,
B,1,JOR,الحسين,F. Nathan,
B,1,JOR,الوحدات,F. Shalbaya,
B,1,SAU,أبها,Fahad Jumayah,
B,1,SAU,الهلال,Faisal Al Abdulwahed,
B,1,SAU,الاتحاد,Faisal Al Ghamdi,
B,1,IRQ,الكرخ,Farhan Shakur,
B,1,SAU,الفيحاء,Faris Abdi,
B,1,SAU,الشباب,Fawaz Al Saqour,
B,1,SAU,الاتحاد,Fawaz Al Soqoor,
B,1,SAU,الخليج,Fawaz Al Terais,
B,1,SAU,الاتحاد,Fawaz Al Yami,
B,1,SAU,التعاون,Flávio,
B,1,SAU,الشباب,G. Coucke,
B,1,SAU,الأخدود,G. Gul,
B,1,SAU,الأخدود,G. Hawsawi,
B,1,IRQ,دهوك,G. Koomson,
B,1,IRQ,نفط البصرة,G. Nathanel,
B,1,IRQ,الميناء,G. Takwara,
B,1,SAU,القادسية,G. Álvarez,
B,1,SAU,القادسية,Gabriel Carvalho,
B,1,IRQ,الزوراء,H. A. Karim,
B,1,IRQ,القوة الجوية,H. Ahmad,
B,1,JOR,السلط,H. Ahmad Almrdi,
B,1,JOR,السلط,H. Al Balawna,
B,1,JOR,الرمثا,H. Al Rashdan,
B,1,JOR,الفيصلي,H. Al Roshidi,
B,1,JOR,الفيصلي,H. Al Rushdi,
B,1,JOR,الفيصلي,H. Al-Dhahab,
B,1,IRQ,الطلبة,H. Amaar,
B,1,JOR,الوحدات,H. Doumbia,
B,1,IRQ,دهوك,H. Emad,
B,1,IRQ,الكرمة,H. Fayaq,
B,1,IRQ,زاخو,H. Haji,
B,1,IRQ,النفط,H. Hameed,
B,1,IRQ,كربلاء,H. Hamza,
B,1,IRQ,الغراف,H. Hussein,
B,1,SAU,الاتحاد,H. Kadesh,
B,1,IRQ,القوة الجوية,H. Kadhim,
B,1,JOR,الجزيرة,H. Mobaideen,
B,1,IRQ,أربيل,H. Montero,
B,1,IRQ,نفط ميسان,H. Mutar,
B,1,IRQ,الكهرباء,H. Naaim,
B,1,JOR,معان,H. Obaidat,
B,1,IRQ,زاخو,H. Raed,
B,1,IRQ,القاسم,H. Rahim,
B,1,IRQ,الطلبة,H. Sabah,
B,1,IRQ,بغداد,H. Salem,
B,1,IRQ,الكرخ,H. Salim,
B,1,JOR,الصريح,H. Sarhanh,
B,1,IRQ,الحدود,H. Suárez,
B,1,SAU,الهلال,H. Tambakti,
B,1,IRQ,القاسم,H. Wahid,
B,1,IRQ,ديالى,H. Younes,
B,1,IRQ,الكرخ,H. Zayad,
B,1,IRQ,النفط,Haider Issa,
B,1,IRQ,أربيل,Hallysson Padilha,
B,1,SAU,الأخدود,Hamad Al Mansour,
B,1,SAU,الاتفاق,Hamdan Al Shamrani,
B,1,SAU,الاتفاق,Hamed Al Maghati,
B,1,IRQ,الشرطة,Hamoud Mashaan,
B,1,IRQ,بغداد,Hamza Abd Al Hussain,
B,1,IRQ,الكرخ,Hasan Mohammad,
B,1,IRQ,الميناء,Hasan Odah,
B,1,IRQ,الزوراء,Hassan Abdulkareem,
B,1,SAU,الأخدود,Hassan Al Habib,
B,1,SAU,الاتحاد,Hassan Kadesh,
B,1,IRQ,الكرخ,Hassan Khaled Hameed,
B,1,IRQ,الميناء,Haydar Salem,
B,1,IRQ,الكهرباء,Hayder Abdulkareem,
B,1,IRQ,الكهرباء,Hayder Ahmed Tamim,
B,1,IRQ,نفط الوسط,Hisham Ahmad,
B,1,SAU,الفيحاء,Hugo Moura,
B,1,SAU,الوحدة,Hussain Al Eisa,
B,1,SAU,الشباب,Hussain Al Qahtani,
B,1,SAU,الفيحاء,Hussain Al Shuwaish,
B,1,SAU,ضمك,Hussain Al Zabdani,
B,1,IRQ,نفط ميسان,Hussain Matar,
B,1,IRQ,الطلبة,Hussain Younes,
B,1,IRQ,الحدود,Hussam Jad Allah,
B,1,JOR,الرمثا,I. A. Abu Aqoleh,
B,1,JOR,العقبة,I. Al Sabah,
B,1,JOR,الأهلي,I. Al Saud,
B,1,IRQ,نوروز,I. Gaze,
B,1,SAU,الخلود,I. Kortajarena,
B,1,IRQ,الكهرباء,I. Kouakou,
B,1,SAU,القادسية,I. Mahnashi,
B,1,SAU,الشباب,I. Rakitić,
B,1,IRQ,الطلبة,I. Saadeh,
B,1,SAU,الأهلي,I. Toney                                  6,
B,1,SAU,الشباب,Iago Santos,
B,1,IRQ,القوة الجوية,Ibraheem Bayesh,
B,1,SAU,الطائي,Ibrahim Al Nakhli,
B,1,JOR,العقبة,Issa,
B,1,SAU,الخليج,Ivo Rodrigues,
B,1,IRQ,الميناء,Iyad Abed Farhan,
B,1,JOR,الوحدات,J. Ajayi,
B,1,IRQ,دهوك,J. Al Imam,
B,1,SAU,الفتح,J. Denayer,
B,1,SAU,الخلود,J. Domingues,
B,1,IRQ,أربيل,J. Govand,
B,1,IRQ,دهوك,J. K. Rassoul,
B,1,IRQ,نفط البصرة,J. Karrar,
B,1,IRQ,الميناء,J. Mapay,
B,1,SAU,ضمك,J. Medina,
B,1,IRQ,النفط,J. O. Kazem,
B,1,JOR,الرمثا,J. Samara,
B,1,SAU,العروبة,J. Seri,
B,1,IRQ,كربلاء,J. Tchofo,
B,1,SAU,القادسية,J. Weigl,
B,1,IRQ,دهوك,Jassim Mohammed,
B,1,IRQ,نفط البصرة,Jaílson,
B,1,IRQ,الكرمة,Jeferson Bahia,
B,1,IRQ,نفط البصرة,Joanderson,
B,1,SAU,الرياض,Juanmi,
B,1,SAU,الخليج,Jung Woo-Young,
B,1,IRQ,القاسم,K. Abubakar,
B,1,IRQ,القاسم,K. Abubakar                                  1,
B,1,JOR,الفيصلي,K. Abuziton,
B,1,SAU,الرياض,K. Al Absi,
B,1,SAU,نيوم,K. Al Dawsari,
B,1,JOR,سحاب,K. Al-Radaideh,
B,1,IRQ,دهوك,K. Ali Hassan,
B,1,IRQ,زاخو,K. Amer,
B,1,JOR,السلط,K. Bani Attiah,
B,1,IRQ,دهوك,K. Doski,
B,1,SAU,الأخدود,K. Gunter,
B,1,IRQ,الميناء,K. Jafar,
B,1,IRQ,الطلبة,K. Mohammed,
B,1,SAU,الخلود,K. N'Doram,
B,1,IRQ,النفط,K. Razzaq,
B,1,JOR,شباب الأردن,K. Ryash,
B,1,IRQ,الطلبة,K. Saad,
B,1,JOR,الحسين,K. Sabra,
B,1,IRQ,زاخو,K. Tojcic,
B,1,SAU,العروبة,K. Zouma,
B,1,IRQ,الحدود,Karar Jabar,
B,1,IRQ,الشرطة,Karrar Al-Abba Si,
B,1,IRQ,نفط ميسان,Karrar Ali,
B,1,SAU,الحزم,Kewin,
B,1,IRQ,القاسم,Khaldoun Ibrahim,
B,1,SAU,الأخدود,Khaled Al Sumairi,
B,1,IRQ,نفط ميسان,Khaled Kourdoghli,
B,1,SAU,الرائد,Khalid Al Subaie,
B,1,IRQ,أربيل,Kosrat Ali,
B,1,SAU,الاتفاق,Kouka,
B,1,JOR,الأهلي,L. Abu Rahal,
B,1,SAU,التعاون,L. Chávez,
B,1,IRQ,أربيل,L. Hinestroza,
B,1,JOR,الأهلي,L. McIntosh,
B,1,IRQ,ديالى,L. Pahama,
B,1,SAU,الحزم,L. Rosier,
B,1,IRQ,الكرمة,L. Samateh,
B,1,IRQ,الشرطة,L. Santos,
B,1,IRQ,دهوك,Leo Costa,
B,1,IRQ,دهوك,Lucas Turci,
B,1,JOR,الحسين,M. A. Aziz,
B,1,JOR,العقبة,M. AL Hasanat,
B,1,JOR,شباب الأردن,M. Abdel Moneim,
B,1,JOR,الوحدات,M. Abdelmotaleb,
B,1,IRQ,ديالى,M. Abdulsada,
B,1,JOR,مغير السرحان,M. Abidat,
B,1,JOR,شباب الأردن,M. Abu Galia,
B,1,JOR,السلط,M. Abu Zreiq,
B,1,IRQ,الكهرباء,M. Ahmed,
B,1,JOR,الجليل,M. Al Adouan,
B,1,JOR,الحسين,M. Al Aldahod,
B,1,SAU,نيوم,M. Al Burayk,
B,1,SAU,أبها,M. Al Dawsari,
B,1,IRQ,النفط,M. Al Emwase,
B,1,SAU,الاتحاد,M. Al Khaibari,
B,1,JOR,معان,M. Al Maha,
B,1,SAU,الوحدة,M. Al Makahasi,
B,1,JOR,الوحدات,M. Al Mawali,
B,1,SAU,الفيحاء,M. Al Rashidi,
B,1,SAU,نيوم,M. Al Saad,
B,1,JOR,الأهلي,M. Al Shatti,
B,1,IRQ,القوة الجوية,M. Al Subhi,
B,1,JOR,الحسين,M. Al Tamizi,
B,1,SAU,القادسية,M. Al Yami,
B,1,JOR,مغير السرحان,M. Al Zawahreh,
B,1,JOR,الفيصلي,M. Al-Aksh,
B,1,JOR,العقبة,M. Al-Jawhari,
B,1,JOR,معان,M. Al-Nawafleh,
B,1,JOR,الوحدات,M. Al-Rajba,
B,1,IRQ,كربلاء,M. Aws,
B,1,JOR,الجزيرة,M. Ayob,
B,1,SAU,التعاون,M. Barrow                                  0,
B,1,SAU,الأهلي,M. Borjan,
B,1,SAU,الخلود,M. Dams,
B,1,IRQ,الحدود,M. Dellahi,
B,1,JOR,الجزيرة,M. Ghaith,
B,1,IRQ,الطلبة,M. Hameed,
B,1,IRQ,أربيل,M. Helio,
B,1,JOR,شباب الأردن,M. Ismail Ali Osman,
B,1,IRQ,ديالى,M. Jaffal,
B,1,JOR,الوحدات,M. Kahlan,
B,1,IRQ,زاخو,M. Kamil,
B,1,IRQ,الكرمة,M. Khaleel,
B,1,JOR,شباب الأردن,M. Khalid,
B,1,IRQ,ديالى,M. Khudair,
B,1,SAU,التعاون,M. Mahzari,
B,1,JOR,البقعة,M. Masheh,
B,1,SAU,الهلال,M. Meite,
B,1,JOR,السلط,M. Moafi,
B,1,IRQ,دهوك,M. Mohammed,
B,1,JOR,مغير السرحان,M. Obeidat,
B,1,IRQ,كربلاء,M. Radhi,
B,1,IRQ,الحدود,M. Saeed,
B,1,IRQ,أربيل,M. Safaa,
B,1,IRQ,الكهرباء,M. Salah,
B,1,IRQ,القوة الجوية,M. Sami,
B,1,IRQ,الزوراء,M. Soro Nanga                                  0,
B,1,IRQ,كربلاء,M. Talib,
B,1,JOR,سحاب,M. Tannous,
B,1,SAU,الفيحاء,M. Villanueva,
B,1,IRQ,القوة الجوية,M. Walid,
B,1,IRQ,الشرطة,M. Younis,
B,1,JOR,الوحدات,M. Zatara,
B,1,IRQ,الطلبة,Mahdi Kamil                                  0,
B,1,IRQ,الحدود,Mahmoud Ayal,
B,1,SAU,الاتفاق,Majed Dawran,
B,1,SAU,الشباب,Majed Kanabah,
B,1,JOR,الفيصلي,Mara,
B,1,SAU,ضمك,Marcelo Grohe,
B,1,IRQ,الكهرباء,Mashkor Kareem,
B,1,SAU,الوحدة,Meshal Al Alaeli,
B,1,IRQ,كربلاء,Meshtak Silal,
B,1,IRQ,بغداد,Milad Fallah,
B,1,IRQ,الطلبة,Moamel Abd Al Reda,
B,1,IRQ,زاخو,Mohamed Ghinimi,
B,1,IRQ,زاخو,Mohammad Abboud,
B,1,IRQ,زاخو,Mohammad Abu Hasheesh,
B,1,IRQ,الشرطة,Mohammad Abu Zraiq,
B,1,IRQ,نفط الوسط,Mohammad Hasan,
B,1,IRQ,نفط البصرة,Mohammad Jabar Rbat,
B,1,IRQ,الكرخ,Mohammad Mustafa,
B,1,IRQ,الزوراء,Mohammad Ridha,
B,1,IRQ,نفط البصرة,Mohammad Salah,
B,1,IRQ,الكهرباء,Mohammad Zamel,
B,1,IRQ,نوروز,Mohammad Zureigat,
B,1,SAU,الاتفاق,Mohammed Abdulrahman,
B,1,SAU,الاتحاد,Mohammed Al Baqawi,
B,1,SAU,الهلال,Mohammed Al Burayk,
B,1,SAU,الرائد,Mohammed Al Dossary,
B,1,SAU,الأخدود,Mohammed Al Jahif,
B,1,IRQ,القاسم,Mohammed Albaqer,
B,1,IRQ,الزوراء,Mohammed Ali,
B,1,SAU,الرياض,Mohammed Jahfali,
B,1,IRQ,ديالى,Mohammed Jasim,
B,1,SAU,النصر,Mohammed Marran,
B,1,IRQ,النجف,Mohammed Saleh,
B,1,IRQ,زاخو,Moisés Gaúcho,
B,1,IRQ,نفط الوسط,Momel Rashed,
B,1,IRQ,نفط البصرة,Moresche,
B,1,IRQ,بغداد,Muhammed Jameel,
B,1,SAU,الأخدود,Muhannad Al Qaydhi,
B,1,IRQ,نفط الوسط,Mujeeb Naama,
B,1,IRQ,الشرطة,Munaf Younus,
B,1,IRQ,القاسم,Murtada Kasad,
B,1,IRQ,الطلبة,Musaab Jalal,
B,1,SAU,الأخدود,Musleh Al Shaikh,
B,1,IRQ,نفط البصرة,Mustafa Hadi,
B,1,IRQ,نفط ميسان,Mustafa Nadhim,
B,1,IRQ,القوة الجوية,Mustafa Saadoun,
B,1,IRQ,القوة الجوية,Mustafa Sadoun,
B,1,IRQ,الكرخ,Mustafa Waleed,
B,1,SAU,التعاون,Muteb Al Mufarrij,
B,1,IRQ,زاخو,N. Al Gahwashi,
B,1,IRQ,بغداد,N. Frankline,
B,1,JOR,الجليل,N. Khekhash,
B,1,SAU,الفتح,N. Masoud,
B,1,IRQ,نفط البصرة,N. Mbengue,
B,1,IRQ,الكهرباء,N. Muhammad,
B,1,SAU,ضمك,N. Stanciu                                  1,
B,1,IRQ,نفط البصرة,N. Sulley,
B,1,SAU,الأهلي,Nacho,
B,1,SAU,الرائد,Naif Hazazi,
B,1,SAU,الحزم,Nawaf Al Habashi,
B,1,SAU,الفيحاء,Nawaf Al Harthi,
B,1,SAU,النصر,Nawaf Bu Washl,
B,1,SAU,الرائد,Nawaf Sahli,
B,1,JOR,الرمثا,O. Abu Aqleh,
B,1,JOR,البقعة,O. Al Manasrah,
B,1,JOR,الجليل,O. Al Namarna,
B,1,JOR,الأهلي,O. Al Shatnawe,
B,1,IRQ,بغداد,O. Alabi,
B,1,SAU,الأخدود,O. Barry,
B,1,IRQ,الطلبة,O. Belhaj,
B,1,JOR,الوحدات,O. Gueye,
B,1,JOR,العقبة,O. Israiwah,
B,1,JOR,العقبة,O. Khadr,
B,1,IRQ,الكرخ,O. Nouri,
B,1,JOR,الوحدات,O. Olufunwa,
B,1,SAU,أبها,Omar Al Ruwaili,
B,1,IRQ,ديالى,Omer Assi,
B,1,IRQ,القاسم,P. Gyan,
B,1,SAU,الرائد,P. Szappanos,
B,1,SAU,النجمة,Petros,
B,1,JOR,العقبة,Q. Al Ajalin,
B,1,JOR,معان,Q. Al Nemr,
B,1,JOR,العقبة,Q. Dawhda,
B,1,JOR,الجزيرة,Q. Khaled,
B,1,JOR,الأهلي,Q. Khulaifat,
B,1,IRQ,نفط البصرة,Qasem Mohammad,
B,1,IRQ,دهوك,R. Acquah,
B,1,JOR,معان,R. Al Deen,
B,1,SAU,التعاون,R. Faivre,
B,1,IRQ,النجف,R. Kabwe,
B,1,IRQ,الكرمة,R. Kassaga,
B,1,IRQ,الكهرباء,R. Mortada,
B,1,IRQ,الكهرباء,R. Muntadher,
B,1,IRQ,الميناء,R. Parra,
B,1,SAU,التعاون,R. Rivas,
B,1,IRQ,نفط ميسان,Rami Ali,
B,1,SAU,الفتح,Ramos Jefferson,
B,1,SAU,الفيحاء,Ricardo Ryller,
B,1,IRQ,أربيل,Roa Youssef,
B,1,JOR,الحسين,Romaneli,
B,1,IRQ,دهوك,S. Ageed,
B,1,JOR,الوحدات,S. Al Ajalin,
B,1,JOR,الرمثا,S. Al Hadi,
B,1,SAU,ضمك,S. Al Hawsawi,
B,1,IRQ,الطلبة,S. Al Kathem,
B,1,JOR,مغير السرحان,S. Al Khazalaa,
B,1,IRQ,النجف,S. Alaa,
B,1,IRQ,الميناء,S. Almadjed,
B,1,SAU,الفتح,S. Baattia,
B,1,JOR,السلط,S. Bashabsheh,
B,1,SAU,نيوم,S. Bouabre,
B,1,JOR,الفيصلي,S. Dediu,
B,1,JOR,الفيصلي,S. Diedhiou,
B,1,SAU,الرياض,S. Gonzalez,
B,1,JOR,الأهلي,S. Jaeara,
B,1,IRQ,زاخو,S. Jameel,
B,1,IRQ,زاخو,S. Karim,
B,1,SAU,الرياض,S. Lega,
B,1,SAU,النجمة,S. M. Al Aqel M.,
B,1,IRQ,الزوراء,S. M. Mahdi Al Saedi,
B,1,IRQ,أربيل,S. Mansor,
B,1,JOR,العقبة,S. Mantala,
B,1,IRQ,النفط,S. Mohammed,
B,1,IRQ,دهوك,S. Natiq,
B,1,IRQ,بغداد,S. Outtara,
B,1,SAU,الخلود,S. Pinas,
B,1,IRQ,القاسم,S. Rashed,
B,1,IRQ,نفط الوسط,S. Rincón,
B,1,JOR,معان,S. Shalaby,
B,1,JOR,شباب الأردن,S. Suleiman,
B,1,SAU,الأهلي,S. Tanker,
B,1,SAU,الاتحاد,Saad Al Mosa,
B,1,SAU,التعاون,Saad Al Nasser,
B,1,SAU,الأهلي,Saad Yaslam,
B,1,IRQ,الزوراء,Sabah Hasan,
B,1,IRQ,ديالى,Sadiq Hamad,
B,1,SAU,الوحدة,Saeed Al Muwallad,
B,1,IRQ,الكهرباء,Sajjad Khalil,
B,1,IRQ,الكرخ,Saleh Gomaa,
B,1,SAU,الخليج,Sami Al Khaibari,
B,1,SAU,النصر,Sami Al Naji,
B,1,SAU,التعاون,Sattam Al Roqi,
B,1,SAU,الفيحاء,Saud Zaydan,
B,1,IRQ,النجف,Sheber Ali,
B,1,IRQ,نوروز,Sivan Omar,
B,1,IRQ,النجف,Sttar Jabbar,
B,1,SAU,ضمك,Sultan Faqihi,
B,1,JOR,شباب الأردن,T. Al-Dirabany,
B,1,IRQ,الغراف,T. Hindawi,
B,1,SAU,الخليج,T. Murg,
B,1,SAU,الأخدود,T. Nguen,
B,1,IRQ,النجف,Taher Hameed,
B,1,SAU,الطائي,Tariq Abdullah,
B,1,SAU,الفتح,Tawfiq Buhumaid,
B,1,SAU,الاتحاد,Unai Hernández,
B,1,JOR,الأهلي,V. Assie Koua,
B,1,SAU,الطائي,V. Misidjan                                  0,
B,1,SAU,التعاون,Vitao,
B,1,JOR,شباب الأردن,W. Al Bari,
B,1,IRQ,الكرمة,W. Da Silva,
B,1,IRQ,الكهرباء,W. Ramadan,
B,1,IRQ,الطلبة,Wakaa Ramadan,
B,1,JOR,الأهلي,Weldon,
B,1,SAU,النصر,Wesley,
B,1,JOR,السلط,Y. Abdelaal,
B,1,SAU,الشباب,Y. Adli,
B,1,IRQ,زاخو,Y. Al Alousi,
B,1,SAU,الرائد,Y. Bouzok,
B,1,JOR,الأهلي,Y. Dahshan,
B,1,JOR,الصريح,Y. Daraghma,
B,1,JOR,الفيصلي,Y. Garbala,
B,1,JOR,الفيصلي,Y. Jalbosh,
B,1,JOR,الفيصلي,Y. Jalboush,
B,1,IRQ,الكهرباء,Y. Kudhair,
B,1,JOR,الرمثا,Y. Mohammad,
B,1,JOR,العقبة,Y. Shaukat,
B,1,SAU,الرياض,Yahia Al Shehri,
B,1,SAU,الهلال,Yasir Al Shahrani,
B,1,IRQ,زاخو,Yousef Raed,
B,1,IRQ,القوة الجوية,Youssef Fawzi Ali Al Mamori,
B,1,JOR,الجزيرة,Z. A. Al-Rish,
B,1,SAU,الأهلي,Z. Al Hawsawi,
B,1,JOR,الحسين,Z. Al Zawahra,
B,1,IRQ,الميناء,Z. Al-Abidin Jasim,
B,1,JOR,شباب الأردن,Z. Asfar,
B,1,IRQ,دهوك,Z. Ibrahim,
B,1,IRQ,الطلبة,Zaid Tahssen,
B,1,SAU,الاتحاد,Zakaria Al Hawsawi,
B,1,IRQ,دهوك,Ziad Ahmad,
B,1,SAU,العروبة,Ziyad Al Hunaiti,
B,1,IRQ,دهوك,Ziyar Kovand,
B,1,SAU,أبها,É. Mendy,
