drop_id,keep_id,team_id,player_en,note,cross_ok
542522,42179,2896,,QAT | Jassem Mohammed ≈ Jassem Mohammed | اسم مطابق | ظهور 86/20
534003,42383,2905,,QAT | Helal Mohammed | Hilal Mohammed ≈ H. Mohammed | Helal Mohammed | اسم مطابق | ظهور 92/30
527239,315526,13819,,EGY | M. Abdelsalam | Moaz Abdel Salam ≈ Moaz Abdel Salam | اسم مطابق | ظهور 70/4
533846,340812,2896,,QAT | Mohamed Abdelkader | Mohamed Emad Abdelkader ≈ M. Abdelkader | Mohamed Emad Abdelkader | اسم مطابق | ظهور 30/5
588692,341218,13819,,EGY | Youssef Hassan ≈ Y. Hassan | Youssef Hassan | اسم مطابق | ظهور 62/4
568532,384799,2872,,UAE | S. Sidibe | Siaka Sidibe ≈ S. Sidibe | Siaka Sidibe | اسم مطابق | ظهور 121/48
568623,409471,2872,,UAE | Malek Janeer | Mallek Janeer ≈ M. Janeer | Malek Janeer | اسم مطابق | ظهور 67/29
494089,425659,1031,,EGY | Ahmed Ashraf ≈ A. Sharaf | Ahmed Sharaf | تشابه 0.91 | ظهور 22/10
423723,452659,2896,,QAT | Yousef Marei ≈ Y. Marei | Yousef Marel | حرف أول + لقب | ظهور 2/9
348152,466740,1044,,EGY | Ahmed Ali Amin ≈ A. Amin | Ahmed Ali Amin | Ahmed Amin | اسم مطابق | ظهور 1/24
586639,491460,2940,,SAU | Abdulaziz Hadhood ≈ Abdulaziz Hadhood | اسم مطابق | ظهور 8/2
473295,535209,1031,,EGY | A. Ziani ≈ A. Ziani | Abdallah Ziani | حرف أول + لقب | ظهور 3/37
482586,610449,10509,,SAU | Yazan Madani ≈ Yazan Madani | اسم مطابق | ظهور 2/46
662673,612944,2931,,SAU | Abdulaziz Al-Swealem | Abdulaziz Alswealem ≈ A. Al Suwailem | A. Al-Suwailem | Abdulaziz Al Suwailem | تشابه 0.91 | ظهور 43/12
0,503540,2898,Yousef Zaid Anani,QAT | Yousef Zaid Anani ≈ Y. Anani | Y. Z. Anani | Yousef Zaid Anani | اسم مطابق | ظهور 1/18
0,526177,1575,Hassan Hussein,EGY | Hassan Hussein ≈ Hassan Hussein | اسم مطابق | ظهور 1/4
0,550401,1575,Abdel Rahman Akmal,EGY | Abdel Rahman Akmal ≈ A. Akmal | Abdel Rahman Akmal | اسم مطابق | ظهور 1/3
0,640068,10513,José Carabalí,SAU | José Carabalí ≈ J. Carabali | José Carabalí | اسم مطابق | ظهور 1/6
0,674066,2931,Ibrahim Al Abood,SAU | Ibrahim Al Abood ≈ I. Al Abood | Ibrahim Al Abood | اسم مطابق | ظهور 1/4
542799,110747,2905,,QAT | A. Mahajna / A. Mahajneh (542799) = Amid Mahajna (110747) | صفر مباراة مشتركة · المعرّفان يتناوبان: 110747 بالريان حتى 2025-04-11 ثم 542799 بالريان 2025-10..2026-02 بالقميص 20 ثم الاثنان بالعربي 2026 بالقميص 20 (542799 قبل 3 سبتمبر و110747 بعده) · API players?id=110747: ميلاد 1996-10-11 أم الفحم، بروفايله فيه الريان 2025 #20 والعربي 2026 #20، و542799 بلا بروفايل · قرار عمرو 9 أكتوبر 2026 بعد مراجعة بشرية,1
335776,36625,969,,MAR | Y. El Fahli ≈ Y. Elfahli / Youssef Alfahli (الجيش الملكي، قميص 7 للاثنين) | API players?id=: نفس الميلاد 1997-04-27 ونفس الجنسية Morocco ونفس النادي · صفر مباراة مشتركة · قرار عمرو 9 أكتوبر 2026 بعد فحص API,
152434,337585,977,,MAR | Z. El Hachemi ≈ Z. El Hachmi (الفتح، قميص 23 للاثنين) | API players?id=: نفس الميلاد 1998-02-14 ونفس الجنسية Morocco ونفس النادي · صفر مباراة مشتركة · قرار عمرو 9 أكتوبر 2026 بعد فحص API,
