old_name,keep_name,confidence,note
Cristiano Ronaldo,C. Ronaldo,مؤكد,نفس اللاعب — النصر (52 هدف بموسمين)
S. Al Dawsari,Salem Al Dawsari,مؤكد,سالم الدوسري — الهلال
O. Al Somah,Omar Al Somah,مؤكد,عمر السومة
M. Ali,Mohanad Ali,مرجح,مهند علي — الشرطة (احذر: Mujtaba Ali لاعب آخر)
Mohammad Jawad,M. Jawad,مؤكد,القوة الجوية
M. Hussein,Marwan Hussein,مؤكد,مروان حسين — نوروز
Alaa Al Dali,A. Al Dali,مؤكد,علاء الدالي — الموصل
Amjad Attwan,A. Attwan,مؤكد,أمجد عطوان
Amjed Attwan,A. Attwan,مؤكد,نفس اللاعب بإملاء مختلف
Mahmoud Al Mawas,M. Al Mawas,مؤكد,محمود المواس — الشرطة
A. Al-Ersan,A. Ersan,مؤكد,أحمد العرسان — الفيصلي
A. Al Salem,Abdullah Al Salem,مؤكد,عبدالله السالم
Alaa Saad,A. Saad,مؤكد,علاء سعد
I. Al Sabhi,Issam Al Sabhi,مؤكد,عصام الصبحي
Rúben Neves,R. Neves,مؤكد,روبن نيفيز — الهلال
F. Martins,Fábio Martins,مؤكد,فابيو مارتينز
M. Qasim,Mohammed Qasim,مؤكد,محمد قاسم
Wakaa Ramadhan,W. Ramadhan,مؤكد,وقاء رمضان
Husam Khalaf,H. Khalaf,مؤكد,حسام خلف
Ibrahim Ghazi,I. Ghazi,مؤكد,إبراهيم غازي
Musab Al Juwayr,M. Al Juwayr,مؤكد,مصعب الجوير — الهلال
Mustafa Qabeel,M. Qabeel,مؤكد,مصطفى قبيل
Sherko Kareem,S. Kareem,مؤكد,شيركو كريم
Waleed Kareem,W. Kareem,مؤكد,وليد كريم
P. Abdulla,Pashang Abdulla,مؤكد,باشنك عبدالله
S. Al Amri,Saleh Al Amri,مؤكد,صالح العمري
Sultan Mandash,S. Mandash,مؤكد,سلطان مندش
Ahmed Maknzi,A. Maknzi,مؤكد,أحمد مكنزي
L. Al Ani,Loay Al Ani,مؤكد,لؤي العاني
Murad Mohammad,M. Mohammad,مؤكد,مراد محمد
A. Yahya,Aiman Yahya,مؤكد,أيمن يحيى
Bassam Shakir,B. Shakir,مؤكد,بسام شاكر
H. Camara,Haroune Camara,مؤكد,هارون كامارا
Hasan Dakhel,H. Dakhel,مؤكد,حسن دخيل
Mohamed Kanno,M. Kanno,مؤكد,محمد كنو — الهلال
S. Al Shehri,Saleh Al Shehri,مؤكد,صالح الشهري
S. Ameer,Saad Abdul Ameer,مؤكد,سعد عبدالأمير
Sattar Yaseen,S. Yaseen,مؤكد,ستار ياسين
T. Al Ammar,Turki Al Ammar,مؤكد,تركي العمار
Waleed Al Ahmad,W. Al Ahmad,مؤكد,وليد الأحمد
Ali Al Bulayhi,A. Al Bulayhi,مؤكد,علي البليهي — الهلال
Amouri Faisal,A. Faisal,مؤكد,عموري فيصل
H. Al Hammami,Hammam Al Hammami,مؤكد,همام الحمامي
I. Bayesh,Ibrahim Bayesh,مؤكد,إبراهيم بايش
Mohammad Dawood,Mohammed Dawood,مؤكد,محمد داوود — إملاء مختلف
Saeed Al Rubaie,S. Al Rubaie,مؤكد,سعيد الربيعي
A. Al Othman,Abdulaziz Al Othman,مؤكد,عبدالعزيز العثمان
C. Kouvouama,C. M. Kouvouama,مؤكد,كوفواما
D. Pereira,Danilo Pereira,مؤكد,دانيلو بيريرا
Fahad Al Zubaidi,F. Al Zubaidi,مؤكد,فهد الزبيدي
M. Abdulraheem,Mohannad Abdulraheem,مؤكد,مهند عبدالرحيم
M. Al Shwirekh,Mohammed Al Shwirekh,مؤكد,محمد الشويرخ
R. Al Alawi,Rabia Al Alawi,مؤكد,ربيع العلوي
S. Jasim,Sajjad Jasim,مؤكد,سجاد جاسم
Younes Ghani,Y. Ghani,مؤكد,يونس غني
A. S. Al Aliwa,A. Al Aliwa,مؤكد,العليوة
H. Malek,Husam Malek,مؤكد,حسام مالك
Mohammed Abu Al Shamat,M. Abu Al Shamat,مؤكد,محمد أبو الشامات
M. Adnan,Mohammad Adnan,مؤكد,محمد عدنان
Muhannad Al Shanqiti,M. Al Shanqiti,مؤكد,مهند الشنقيطي
M. Mousa,Muslim Mousa,مؤكد,مسلم موسى
Ruslan Hanoon,R. Hanoon,مؤكد,رسلان حنون
S. Al Abbas,Saleh Al Abbas,مؤكد,صالح العباس
Safaa Hadi,S. Hadi,مؤكد,صفاء هادي
A. Khalil,Ali Khalil,مؤكد,علي خليل
A. Medran,Álvaro Medrán,مؤكد,ألفارو ميدران
Abbas Yas,A. Yas,مؤكد,عباس ياس
A. Yaseen,Ahmad Yaseen,مؤكد,أحمد ياسين
D. Al Anazi,Dhari Al Anazi,مؤكد,ضاري العنزي
Jorge Fernandes,J. Fernandes,مؤكد,خورخي فرنانديز
M. Al Qahtani,Mohammed Al Qahtani,مؤكد,محمد القحطاني
Musab Jamal,M. Jamal,مؤكد,مصعب جمال
Mohammad Qasem,M. Qasem,مؤكد,محمد قاسم
Muhammad Sawan,M. Sawan,مؤكد,محمد سوان
Morad Khodari,Mourad Khodari,مؤكد,مراد خضري — إملاء مختلف
N. Abdou Aziz,N. A. Aziz,مؤكد,عبدو عزيز
N. Asiri,Naif Asiri,مؤكد,نايف عسيري
R. Hajem,Reda Hajem,مؤكد,رضا حاجم
Ali Abdullah Hazazi,A. A. Hazazi,مؤكد,علي عبدالله حزازي
Abdullah Al Anazi,A. Al Anazi,مؤكد,عبدالله العنزي
Ali Al Masoud,A. Al Masoud,مؤكد,علي المسعود
Bassam Al Hurayji,B. Al Hurayji,مؤكد,بسام الحريجي
Harwan Al Zubaidi,H. Al Zubaidi,مؤكد,هروان الزبيدي
Hussain Jassem,H. Jassem,مؤكد,حسين جاسم
Karar Jasem Mohammd,K. J. Mohammd,مؤكد,كرار جاسم محمد
Murad Al Hawsawi,M. Al Hawsawi,مؤكد,مراد الهوساوي
Madallah Al Olayan,M. Al Olayan,مؤكد,مدلله العليان
Mojtaba Saleh,M. Saleh,مؤكد,مجتبى صالح
Osama Rashid,O. Rashid,مؤكد,أسامة رشيد
Redha Fadel,R. Fadel,مؤكد,رضا فاضل
Rastgo Fariq,R. Fariq,مؤكد,رستكو فاريق
Saleh Abu Al Shamat,S. Abu Al Shamat,مؤكد,صالح أبو الشامات
Salem Ahmed,S. Ahmed,مؤكد,سالم أحمد
Salem Al-Dawsari,Salem Al Dawsari,مؤكد,توحيد آلي — فرق لكنة أو شرطة أو مسافة (auto_merge_names.py)
A. Hamed Allah,A. Hamed-Allah,مؤكد,توحيد آلي — فرق لكنة أو شرطة أو مسافة (auto_merge_names.py)
João Félix,Joao Felix,مؤكد,توحيد آلي — فرق لكنة أو شرطة أو مسافة (auto_merge_names.py)
Fabio Martins,Fábio Martins,مؤكد,توحيد آلي — فرق لكنة أو شرطة أو مسافة (auto_merge_names.py)
M. Dembélé,M. Dembele,مؤكد,توحيد آلي — فرق لكنة أو شرطة أو مسافة (auto_merge_names.py)
Abdullah Al-Salem,Abdullah Al Salem,مؤكد,توحيد آلي — فرق لكنة أو شرطة أو مسافة (auto_merge_names.py)
Omar Al-Somah,Omar Al Somah,مؤكد,توحيد آلي — فرق لكنة أو شرطة أو مسافة (auto_merge_names.py)
G. N'Koudou,G. Nkoudou,مؤكد,توحيد آلي — فرق لكنة أو شرطة أو مسافة (auto_merge_names.py)
Joao Pedro,João Pedro,مؤكد,توحيد آلي — فرق لكنة أو شرطة أو مسافة (auto_merge_names.py)
Tozé,Toze,مؤكد,توحيد آلي — فرق لكنة أو شرطة أو مسافة (auto_merge_names.py)
H. Al-Dardour,H. Al Dardour,مؤكد,توحيد آلي — فرق لكنة أو شرطة أو مسافة (auto_merge_names.py)
Saleh Al-Amri,Saleh Al Amri,مؤكد,توحيد آلي — فرق لكنة أو شرطة أو مسافة (auto_merge_names.py)
Saleh Al-Shehri,Saleh Al Shehri,مؤكد,توحيد آلي — فرق لكنة أو شرطة أو مسافة (auto_merge_names.py)
M. Al-Attar,M. Al Attar,مؤكد,توحيد آلي — فرق لكنة أو شرطة أو مسافة (auto_merge_names.py)
Otavio,Otávio,مؤكد,توحيد آلي — فرق لكنة أو شرطة أو مسافة (auto_merge_names.py)
Alex Collado,Álex Collado,مؤكد,توحيد آلي — فرق لكنة أو شرطة أو مسافة (auto_merge_names.py)
Claudio Maradona,Cláudio Maradona,مؤكد,توحيد آلي — فرق لكنة أو شرطة أو مسافة (auto_merge_names.py)
N. Nández,N. Nandez,مؤكد,توحيد آلي — فرق لكنة أو شرطة أو مسافة (auto_merge_names.py)
F. Kessié,F. Kessie,مؤكد,توحيد آلي — فرق لكنة أو شرطة أو مسافة (auto_merge_names.py)
F. Késsié,F. Kessie,مؤكد,توحيد آلي — فرق لكنة أو شرطة أو مسافة (auto_merge_names.py)
K. Toko Ekambi,K. Toko-Ekambi,مؤكد,توحيد آلي — فرق لكنة أو شرطة أو مسافة (auto_merge_names.py)
Lázaro,Lazaro,مؤكد,توحيد آلي — فرق لكنة أو شرطة أو مسافة (auto_merge_names.py)
Mohammed Al-Thani,Mohammed Al Thani,مؤكد,توحيد آلي — فرق لكنة أو شرطة أو مسافة (auto_merge_names.py)
Turki Al-Ammar,Turki Al Ammar,مؤكد,توحيد آلي — فرق لكنة أو شرطة أو مسافة (auto_merge_names.py)
Ângelo,Angelo,مؤكد,توحيد آلي — فرق لكنة أو شرطة أو مسافة (auto_merge_names.py)
Carlos Junior,Carlos Júnior,مؤكد,توحيد آلي — فرق لكنة أو شرطة أو مسافة (auto_merge_names.py)
Hammam Al-Hammami,Hammam Al Hammami,مؤكد,توحيد آلي — فرق لكنة أو شرطة أو مسافة (auto_merge_names.py)
M. Brozovic,M. Brozović,مؤكد,توحيد آلي — فرق لكنة أو شرطة أو مسافة (auto_merge_names.py)
A. Sbai,A. Sbaï,مؤكد,توحيد آلي — فرق لكنة أو شرطة أو مسافة (auto_merge_names.py)
Abdulaziz Al-Othman,Abdulaziz Al Othman,مؤكد,توحيد آلي — فرق لكنة أو شرطة أو مسافة (auto_merge_names.py)
Alvaro Medran,Álvaro Medrán,مؤكد,توحيد آلي — فرق لكنة أو شرطة أو مسافة (auto_merge_names.py)
M. Saâdane,M. Saadane,مؤكد,توحيد آلي — فرق لكنة أو شرطة أو مسافة (auto_merge_names.py)
Mohammed Al-Kuwaykibi,Mohammed Al Kuwaykibi,مؤكد,توحيد آلي — فرق لكنة أو شرطة أو مسافة (auto_merge_names.py)
Mohammed Al-Qahtani,Mohammed Al Qahtani,مؤكد,توحيد آلي — فرق لكنة أو شرطة أو مسافة (auto_merge_names.py)
A. Al-Essawi,A. Al Essawi,مؤكد,توحيد آلي — فرق لكنة أو شرطة أو مسافة (auto_merge_names.py)
Ali Al-Hassan,Ali Al Hassan,مؤكد,توحيد آلي — فرق لكنة أو شرطة أو مسافة (auto_merge_names.py)
I. Kone,I. Koné,مؤكد,توحيد آلي — فرق لكنة أو شرطة أو مسافة (auto_merge_names.py)
Kaio Cesar,Kaio César,مؤكد,توحيد آلي — فرق لكنة أو شرطة أو مسافة (auto_merge_names.py)
M. Al Laham,M. Al-Laham,مؤكد,توحيد آلي — فرق لكنة أو شرطة أو مسافة (auto_merge_names.py)
Mohammed Al-Fatil,Mohammed Al Fatil,مؤكد,توحيد آلي — فرق لكنة أو شرطة أو مسافة (auto_merge_names.py)
Sultan Al-Ghannam,Sultan Al Ghannam,مؤكد,توحيد آلي — فرق لكنة أو شرطة أو مسافة (auto_merge_names.py)
Zakaria Al-Sudani,Zakaria Al Sudani,مؤكد,توحيد آلي — فرق لكنة أو شرطة أو مسافة (auto_merge_names.py)
Abdulelah Al-Amri,Abdulelah Al Amri,مؤكد,توحيد آلي — فرق لكنة أو شرطة أو مسافة (auto_merge_names.py)
Abdulhadi Al-Harajin,Abdulhadi Al Harajin,مؤكد,توحيد آلي — فرق لكنة أو شرطة أو مسافة (auto_merge_names.py)
Abdullah Al Ammar                                 ,Abdullah Al Ammar,مؤكد,توحيد آلي — فرق لكنة أو شرطة أو مسافة (auto_merge_names.py)
Abdullah Al-Hafith,Abdullah Al Hafith,مؤكد,توحيد آلي — فرق لكنة أو شرطة أو مسافة (auto_merge_names.py)
Abdullah Al-Hamdan,Abdullah Al Hamdan,مؤكد,توحيد آلي — فرق لكنة أو شرطة أو مسافة (auto_merge_names.py)
Ahmed Al-Ghamdi,Ahmed Al Ghamdi,مؤكد,توحيد آلي — فرق لكنة أو شرطة أو مسافة (auto_merge_names.py)
Fahad Al-Muwallad,Fahad Al Muwallad,مؤكد,توحيد آلي — فرق لكنة أو شرطة أو مسافة (auto_merge_names.py)
Hamed Al-Ghamdi,Hamed Al Ghamdi,مؤكد,توحيد آلي — فرق لكنة أو شرطة أو مسافة (auto_merge_names.py)
Hisham Al-Dubais,Hisham Al Dubais,مؤكد,توحيد آلي — فرق لكنة أو شرطة أو مسافة (auto_merge_names.py)
K. Al-Awaqleh,K. Al Awaqleh,مؤكد,توحيد آلي — فرق لكنة أو شرطة أو مسافة (auto_merge_names.py)
M. Al-Akash,M. Al-akash,مؤكد,توحيد آلي — فرق لكنة أو شرطة أو مسافة (auto_merge_names.py)
Marwan Al-Sahafi,Marwan Al Sahafi,مؤكد,توحيد آلي — فرق لكنة أو شرطة أو مسافة (auto_merge_names.py)
Matheus Gonçalves,Matheus Goncalves,مؤكد,توحيد آلي — فرق لكنة أو شرطة أو مسافة (auto_merge_names.py)
Nasser Al-Dawsari,Nasser Al Dawsari,مؤكد,توحيد آلي — فرق لكنة أو شرطة أو مسافة (auto_merge_names.py)
Yaseen Al-Zubaidi,Yaseen Al Zubaidi,مؤكد,توحيد آلي — فرق لكنة أو شرطة أو مسافة (auto_merge_names.py)
Ziyad Al-Sahafi,Ziyad Al Sahafi,مؤكد,توحيد آلي — فرق لكنة أو شرطة أو مسافة (auto_merge_names.py)
A. Al-Azzam,A. Al Azzam,مؤكد,توحيد آلي — فرق لكنة أو شرطة أو مسافة (auto_merge_names.py)
Abdulaziz Al-Shahrani,Abdulaziz Al Shahrani,مؤكد,توحيد آلي — فرق لكنة أو شرطة أو مسافة (auto_merge_names.py)
Abdullah Al-Fahad,Abdullah Al Fahad,مؤكد,توحيد آلي — فرق لكنة أو شرطة أو مسافة (auto_merge_names.py)
Abdullah Al-Khaibari,Abdullah Al Khaibari,مؤكد,توحيد آلي — فرق لكنة أو شرطة أو مسافة (auto_merge_names.py)
Abdulmalek Al-Shammari,Abdulmalek Al Shammari,مؤكد,توحيد آلي — فرق لكنة أو شرطة أو مسافة (auto_merge_names.py)
Ahmed Al-Juwaid,Ahmed Al Juwaid,مؤكد,توحيد آلي — فرق لكنة أو شرطة أو مسافة (auto_merge_names.py)
Ali Al-Asmari,Ali Al Asmari,مؤكد,توحيد آلي — فرق لكنة أو شرطة أو مسافة (auto_merge_names.py)
Ali Al-Salem,Ali Al Salem,مؤكد,توحيد آلي — فرق لكنة أو شرطة أو مسافة (auto_merge_names.py)
Ali Al-Zaqan,Ali Al Zaqan,مؤكد,توحيد آلي — فرق لكنة أو شرطة أو مسافة (auto_merge_names.py)
Awn Al-Saluli,Awn Al Saluli,مؤكد,توحيد آلي — فرق لكنة أو شرطة أو مسافة (auto_merge_names.py)
Bassem Al-Arini,Bassem Al Arini,مؤكد,توحيد آلي — فرق لكنة أو شرطة أو مسافة (auto_merge_names.py)
Faisal Al-Ghamdi,Faisal Al Ghamdi,مؤكد,توحيد آلي — فرق لكنة أو شرطة أو مسافة (auto_merge_names.py)
Flavio,Flávio,مؤكد,توحيد آلي — فرق لكنة أو شرطة أو مسافة (auto_merge_names.py)
G. Alvarez,G. Álvarez,مؤكد,توحيد آلي — فرق لكنة أو شرطة أو مسافة (auto_merge_names.py)
Hamdan Al-Shamrani,Hamdan Al Shamrani,مؤكد,توحيد آلي — فرق لكنة أو شرطة أو مسافة (auto_merge_names.py)
Hamed Al-Maghati,Hamed Al Maghati,مؤكد,توحيد آلي — فرق لكنة أو شرطة أو مسافة (auto_merge_names.py)
Hassan Al-Habib,Hassan Al Habib,مؤكد,توحيد آلي — فرق لكنة أو شرطة أو مسافة (auto_merge_names.py)
I. Al-Rowwad,I. Al Rowwad,مؤكد,توحيد آلي — فرق لكنة أو شرطة أو مسافة (auto_merge_names.py)
Mohammed Al-Burayk,Mohammed Al Burayk,مؤكد,توحيد آلي — فرق لكنة أو شرطة أو مسافة (auto_merge_names.py)
Muteb Al-Mufarrij,Muteb Al Mufarrij,مؤكد,توحيد آلي — فرق لكنة أو شرطة أو مسافة (auto_merge_names.py)
Nawaf Al-Habashi,Nawaf Al Habashi,مؤكد,توحيد آلي — فرق لكنة أو شرطة أو مسافة (auto_merge_names.py)
Nawaf Al-Harthi,Nawaf Al Harthi,مؤكد,توحيد آلي — فرق لكنة أو شرطة أو مسافة (auto_merge_names.py)
Omar Al-Ruwaili,Omar Al Ruwaili,مؤكد,توحيد آلي — فرق لكنة أو شرطة أو مسافة (auto_merge_names.py)
Saad Al-Nasser,Saad Al Nasser,مؤكد,توحيد آلي — فرق لكنة أو شرطة أو مسافة (auto_merge_names.py)
Samú Costa,Samu Costa,مؤكد,توحيد آلي — فرق لكنة أو شرطة أو مسافة (auto_merge_names.py)
Sattam Al-Roqi,Sattam Al Roqi,مؤكد,توحيد آلي — فرق لكنة أو شرطة أو مسافة (auto_merge_names.py)
Yahia Al-Shehri,Yahia Al Shehri,مؤكد,توحيد آلي — فرق لكنة أو شرطة أو مسافة (auto_merge_names.py)
Yasir Al-Shahrani,Yasir Al Shahrani,مؤكد,توحيد آلي — فرق لكنة أو شرطة أو مسافة (auto_merge_names.py)
E. Mendy,É. Mendy,مؤكد,توحيد آلي — فرق لكنة أو شرطة أو مسافة (auto_merge_names.py)
Abdulaziz Al-Bishi,Abdulaziz Al Bishi,مؤكد,توحيد آلي — فرق لكنة أو شرطة أو مسافة (auto_merge_names.py)
Abdulaziz Al-Faraj,Abdulaziz Al Faraj,مؤكد,توحيد آلي — فرق لكنة أو شرطة أو مسافة (auto_merge_names.py)
Abdulaziz Al-Harbi,Abdulaziz Al Harbi,مؤكد,توحيد آلي — فرق لكنة أو شرطة أو مسافة (auto_merge_names.py)
Abdulelah Al-Malki,Abdulelah Al Malki,مؤكد,توحيد آلي — فرق لكنة أو شرطة أو مسافة (auto_merge_names.py)
Abdullah Al-Anazi,Abdullah Al Anazi,مؤكد,توحيد آلي — فرق لكنة أو شرطة أو مسافة (auto_merge_names.py)
Abdullah Al-Dossari,Abdullah Al Dossari,مؤكد,توحيد آلي — فرق لكنة أو شرطة أو مسافة (auto_merge_names.py)
Abdullah Al-Hawsawi,Abdullah Al Hawsawi,مؤكد,توحيد آلي — فرق لكنة أو شرطة أو مسافة (auto_merge_names.py)
Abdullah Al-Jadani,Abdullah Al Jadani,مؤكد,توحيد آلي — فرق لكنة أو شرطة أو مسافة (auto_merge_names.py)
Abdullah Al-Qahtani,Abdullah Al Qahtani,مؤكد,توحيد آلي — فرق لكنة أو شرطة أو مسافة (auto_merge_names.py)
Abdullah Al-Shanqiti,Abdullah Al Shanqiti,مؤكد,توحيد آلي — فرق لكنة أو شرطة أو مسافة (auto_merge_names.py)
Abdulmajeed Al-Sulaiheem,Abdulmajeed Al Sulaiheem,مؤكد,توحيد آلي — فرق لكنة أو شرطة أو مسافة (auto_merge_names.py)
Abdulrahman Al-Dosari,Abdulrahman Al Dosari,مؤكد,توحيد آلي — فرق لكنة أو شرطة أو مسافة (auto_merge_names.py)
Abdulrahman Al-Obaid,Abdulrahman Al Obaid,مؤكد,توحيد آلي — فرق لكنة أو شرطة أو مسافة (auto_merge_names.py)
Ahmed Al-Julaydan,Ahmed Al Julaydan,مؤكد,توحيد آلي — فرق لكنة أو شرطة أو مسافة (auto_merge_names.py)
Ahmed Al-Kassar,Ahmed Al Kassar,مؤكد,توحيد آلي — فرق لكنة أو شرطة أو مسافة (auto_merge_names.py)
Ahmed Al-Nakhli,Ahmed Al Nakhli,مؤكد,توحيد آلي — فرق لكنة أو شرطة أو مسافة (auto_merge_names.py)
Amin Al-Bukhari,Amin Al Bukhari,مؤكد,توحيد آلي — فرق لكنة أو شرطة أو مسافة (auto_merge_names.py)
Arif Al-Haydar,Arif Al Haydar,مؤكد,توحيد آلي — فرق لكنة أو شرطة أو مسافة (auto_merge_names.py)
Awad Al-Nashri,Awad Al Nashri,مؤكد,توحيد آلي — فرق لكنة أو شرطة أو مسافة (auto_merge_names.py)
Ayman Al-Hussaini,Ayman Al Hussaini,مؤكد,توحيد آلي — فرق لكنة أو شرطة أو مسافة (auto_merge_names.py)
Bassam Al-Hurayji,Bassam Al Hurayji,مؤكد,توحيد آلي — فرق لكنة أو شرطة أو مسافة (auto_merge_names.py)
Fahad Al-Johani,Fahad Al Johani,مؤكد,توحيد آلي — فرق لكنة أو شرطة أو مسافة (auto_merge_names.py)
Fahad Al-Rashidi,Fahad Al Rashidi,مؤكد,توحيد آلي — فرق لكنة أو شرطة أو مسافة (auto_merge_names.py)
Farhan Al-Azmi,Farhan Al Azmi,مؤكد,توحيد آلي — فرق لكنة أو شرطة أو مسافة (auto_merge_names.py)
Fawaz Al-Qarni,Fawaz Al Qarni,مؤكد,توحيد آلي — فرق لكنة أو شرطة أو مسافة (auto_merge_names.py)
Hamad Al-Jayzani,Hamad Al Jayzani,مؤكد,توحيد آلي — فرق لكنة أو شرطة أو مسافة (auto_merge_names.py)
Hamed Al-Shanqiti,Hamed Al Shanqiti,مؤكد,توحيد آلي — فرق لكنة أو شرطة أو مسافة (auto_merge_names.py)
Hassan Al-Amri,Hassan Al Amri,مؤكد,توحيد آلي — فرق لكنة أو شرطة أو مسافة (auto_merge_names.py)
Hassan Al-Asmari,Hassan Al Asmari,مؤكد,توحيد آلي — فرق لكنة أو شرطة أو مسافة (auto_merge_names.py)
Hassan Hashim Al Ali,Hassan Hashim Al-Ali,مؤكد,توحيد آلي — فرق لكنة أو شرطة أو مسافة (auto_merge_names.py)
Ibrahim Al-Zubaidi,Ibrahim Al Zubaidi,مؤكد,توحيد آلي — فرق لكنة أو شرطة أو مسافة (auto_merge_names.py)
Inigo Martinez,Iñigo Martínez,مؤكد,توحيد آلي — فرق لكنة أو شرطة أو مسافة (auto_merge_names.py)
Khalid Al-Asiri,Khalid Al Asiri,مؤكد,توحيد آلي — فرق لكنة أو شرطة أو مسافة (auto_merge_names.py)
Khalid Al-Ghannam,Khalid Al Ghannam,مؤكد,توحيد آلي — فرق لكنة أو شرطة أو مسافة (auto_merge_names.py)
Khalifah Al-Dawsari,Khalifah Al Dawsari,مؤكد,توحيد آلي — فرق لكنة أو شرطة أو مسافة (auto_merge_names.py)
Khalil Al-Absi,Khalil Al Absi,مؤكد,توحيد آلي — فرق لكنة أو شرطة أو مسافة (auto_merge_names.py)
M. Rodák,M. Rodak,مؤكد,توحيد آلي — فرق لكنة أو شرطة أو مسافة (auto_merge_names.py)
Madallah Al-Olayan,Madallah Al Olayan,مؤكد,توحيد آلي — فرق لكنة أو شرطة أو مسافة (auto_merge_names.py)
Mansor Al-Beshe,Mansor Al Beshe,مؤكد,توحيد آلي — فرق لكنة أو شرطة أو مسافة (auto_merge_names.py)
Marwan Al-Haidari,Marwan Al Haidari,مؤكد,توحيد آلي — فرق لكنة أو شرطة أو مسافة (auto_merge_names.py)
Mohammed Al-Absi,Mohammed Al Absi,مؤكد,توحيد آلي — فرق لكنة أو شرطة أو مسافة (auto_merge_names.py)
Mohammed Al-Dosari,Mohammed Al Dosari,مؤكد,توحيد آلي — فرق لكنة أو شرطة أو مسافة (auto_merge_names.py)
Mohammed Al-Fuhaid,Mohammed Al Fuhaid,مؤكد,توحيد آلي — فرق لكنة أو شرطة أو مسافة (auto_merge_names.py)
Mohammed Al-Khabrani,Mohammed Al Khabrani,مؤكد,توحيد آلي — فرق لكنة أو شرطة أو مسافة (auto_merge_names.py)
Mohammed Al-Khaibari,Mohammed Al Khaibari,مؤكد,توحيد آلي — فرق لكنة أو شرطة أو مسافة (auto_merge_names.py)
Mohammed Al-Mahasneh,Mohammed Al Mahasneh,مؤكد,توحيد آلي — فرق لكنة أو شرطة أو مسافة (auto_merge_names.py)
Mohammed Al-Majhad,Mohammed Al Majhad,مؤكد,توحيد آلي — فرق لكنة أو شرطة أو مسافة (auto_merge_names.py)
Mohammed Al-Owais,Mohammed Al Owais,مؤكد,توحيد آلي — فرق لكنة أو شرطة أو مسافة (auto_merge_names.py)
Mohammed Al-Qarni,Mohammed Al Qarni,مؤكد,توحيد آلي — فرق لكنة أو شرطة أو مسافة (auto_merge_names.py)
Mohammed Al-Qunaian,Mohammed Al Qunaian,مؤكد,توحيد آلي — فرق لكنة أو شرطة أو مسافة (auto_merge_names.py)
Mohammed Al-Rubaie,Mohammed Al Rubaie,مؤكد,توحيد آلي — فرق لكنة أو شرطة أو مسافة (auto_merge_names.py)
Mohammed Al-Saiari,Mohammed Al Saiari,مؤكد,توحيد آلي — فرق لكنة أو شرطة أو مسافة (auto_merge_names.py)
Mohammed Al-Shaeri,Mohammed Al Shaeri,مؤكد,توحيد آلي — فرق لكنة أو شرطة أو مسافة (auto_merge_names.py)
Mohammed Al-Shanqiti,Mohammed Al Shanqiti,مؤكد,توحيد آلي — فرق لكنة أو شرطة أو مسافة (auto_merge_names.py)
Mohammed Al-Yami,Mohammed Al Yami,مؤكد,توحيد آلي — فرق لكنة أو شرطة أو مسافة (auto_merge_names.py)
Moteb Al-Harbi,Moteb Al Harbi,مؤكد,توحيد آلي — فرق لكنة أو شرطة أو مسافة (auto_merge_names.py)
Moussa Dembele,Moussa Dembélé,مؤكد,توحيد آلي — فرق لكنة أو شرطة أو مسافة (auto_merge_names.py)
Mubarak Al-Buainain,Mubarak Al Buainain,مؤكد,توحيد آلي — فرق لكنة أو شرطة أو مسافة (auto_merge_names.py)
Mubarak Al-Rajeh,Mubarak Al Rajeh,مؤكد,توحيد آلي — فرق لكنة أو شرطة أو مسافة (auto_merge_names.py)
Mubarak Al-Shayie,Mubarak Al Shayie,مؤكد,توحيد آلي — فرق لكنة أو شرطة أو مسافة (auto_merge_names.py)
Muhannad Al-Yahya,Muhannad Al Yahya,مؤكد,توحيد آلي — فرق لكنة أو شرطة أو مسافة (auto_merge_names.py)
N. Gyömbér,N. Gyomber,مؤكد,توحيد آلي — فرق لكنة أو شرطة أو مسافة (auto_merge_names.py)
Nasser Al-Omran,Nasser Al Omran,مؤكد,توحيد آلي — فرق لكنة أو شرطة أو مسافة (auto_merge_names.py)
Nawaf Al-Aqidi,Nawaf Al Aqidi,مؤكد,توحيد آلي — فرق لكنة أو شرطة أو مسافة (auto_merge_names.py)
Nawaf Al-Bishri,Nawaf Al Bishri,مؤكد,توحيد آلي — فرق لكنة أو شرطة أو مسافة (auto_merge_names.py)
Nawaf Al-Hawsawi,Nawaf Al Hawsawi,مؤكد,توحيد آلي — فرق لكنة أو شرطة أو مسافة (auto_merge_names.py)
Nawaf Al-Rashwodi,Nawaf Al Rashwodi,مؤكد,توحيد آلي — فرق لكنة أو شرطة أو مسافة (auto_merge_names.py)
Noor Al-Rashidi,Noor Al Rashidi,مؤكد,توحيد آلي — فرق لكنة أو شرطة أو مسافة (auto_merge_names.py)
Osama Al-Mermesh,Osama Al Mermesh,مؤكد,توحيد آلي — فرق لكنة أو شرطة أو مسافة (auto_merge_names.py)
Othman Al-Othman,Othman Al Othman,مؤكد,توحيد آلي — فرق لكنة أو شرطة أو مسافة (auto_merge_names.py)
P. Rajković,P. Rajkovic,مؤكد,توحيد آلي — فرق لكنة أو شرطة أو مسافة (auto_merge_names.py)
R. Al-Ghamdi,R. Al Ghamdi,مؤكد,توحيد آلي — فرق لكنة أو شرطة أو مسافة (auto_merge_names.py)
Raed Al-Ghamdi,Raed Al Ghamdi,مؤكد,توحيد آلي — فرق لكنة أو شرطة أو مسافة (auto_merge_names.py)
Rafi Al-Ruwaili,Rafi Al Ruwaili,مؤكد,توحيد آلي — فرق لكنة أو شرطة أو مسافة (auto_merge_names.py)
Rakan Al-Dosari,Rakan Al Dosari,مؤكد,توحيد آلي — فرق لكنة أو شرطة أو مسافة (auto_merge_names.py)
Rakan Al-Tulayhi,Rakan Al Tulayhi,مؤكد,توحيد آلي — فرق لكنة أو شرطة أو مسافة (auto_merge_names.py)
Rayan Al-Sharekh,Rayan Al Sharekh,مؤكد,توحيد آلي — فرق لكنة أو شرطة أو مسافة (auto_merge_names.py)
Ruben Neves,Rúben Neves,مؤكد,توحيد آلي — فرق لكنة أو شرطة أو مسافة (auto_merge_names.py)
Sadio Mane,Sadio Mané,مؤكد,توحيد آلي — فرق لكنة أو شرطة أو مسافة (auto_merge_names.py)
Saleh Abu Al-Shamat,Saleh Abu Al Shamat,مؤكد,توحيد آلي — فرق لكنة أو شرطة أو مسافة (auto_merge_names.py)
Saleh Al-Harthi,Saleh Al Harthi,مؤكد,توحيد آلي — فرق لكنة أو شرطة أو مسافة (auto_merge_names.py)
Saleh Al-Saeed,Saleh Al Saeed,مؤكد,توحيد آلي — فرق لكنة أو شرطة أو مسافة (auto_merge_names.py)
Salem Al-Toiawy,Salem Al Toiawy,مؤكد,توحيد آلي — فرق لكنة أو شرطة أو مسافة (auto_merge_names.py)
Salman Al-Faraj,Salman Al Faraj,مؤكد,توحيد آلي — فرق لكنة أو شرطة أو مسافة (auto_merge_names.py)
Salman Al-Mowasher,Salman Al Mowasher,مؤكد,توحيد آلي — فرق لكنة أو شرطة أو مسافة (auto_merge_names.py)
Salman Al-Muwashar,Salman Al Muwashar,مؤكد,توحيد آلي — فرق لكنة أو شرطة أو مسافة (auto_merge_names.py)
Saud Al-Ruwaili,Saud Al Ruwaili,مؤكد,توحيد آلي — فرق لكنة أو شرطة أو مسافة (auto_merge_names.py)
Saud Al-Tumbukti,Saud Al Tumbukti,مؤكد,توحيد آلي — فرق لكنة أو شرطة أو مسافة (auto_merge_names.py)
Sergej Milinkovic-Savic,Sergej Milinković-Savić,مؤكد,توحيد آلي — فرق لكنة أو شرطة أو مسافة (auto_merge_names.py)
Suhayb Al-Zaid,Suhayb Al Zaid,مؤكد,توحيد آلي — فرق لكنة أو شرطة أو مسافة (auto_merge_names.py)
Talal Al-Absi,Talal Al Absi,مؤكد,توحيد آلي — فرق لكنة أو شرطة أو مسافة (auto_merge_names.py)
Talal Al-Shubili,Talal Al Shubili,مؤكد,توحيد آلي — فرق لكنة أو شرطة أو مسافة (auto_merge_names.py)
Turki Al-Jaadi,Turki Al Jaadi,مؤكد,توحيد آلي — فرق لكنة أو شرطة أو مسافة (auto_merge_names.py)
Turki Ba Al-Jawsh,Turki Ba Al Jawsh,مؤكد,توحيد آلي — فرق لكنة أو شرطة أو مسافة (auto_merge_names.py)
Victor Ruiz,Víctor Ruiz,مؤكد,توحيد آلي — فرق لكنة أو شرطة أو مسافة (auto_merge_names.py)
Younes Al-Shanqeeti,Younes Al Shanqeeti,مؤكد,توحيد آلي — فرق لكنة أو شرطة أو مسافة (auto_merge_names.py)
Yousef Al-Shammari,Yousef Al Shammari,مؤكد,توحيد آلي — فرق لكنة أو شرطة أو مسافة (auto_merge_names.py)
Zaid Al-Bawardi,Zaid Al Bawardi,مؤكد,توحيد آلي — فرق لكنة أو شرطة أو مسافة (auto_merge_names.py)
Abdoulaye Doucouré,Abdoulaye Doucoure,مؤكد,توحيد آلي — فرق لكنة أو شرطة أو مسافة (auto_merge_names.py)
Abdullah Hussein Al-Owisher,Abdullah Hussein Al Owisher,مؤكد,توحيد آلي — فرق لكنة أو شرطة أو مسافة (auto_merge_names.py)
Koray Günter,Koray Gunter,مؤكد,توحيد آلي — فرق لكنة أو شرطة أو مسافة (auto_merge_names.py)
Marcelo Brozović,Marcelo Brozovic,مؤكد,توحيد آلي — فرق لكنة أو شرطة أو مسافة (auto_merge_names.py)
Marek Rodák,Marek Rodak,مؤكد,توحيد آلي — فرق لكنة أو شرطة أو مسافة (auto_merge_names.py)
Mohamed Konaté,Mohamed Konate,مؤكد,توحيد آلي — فرق لكنة أو شرطة أو مسافة (auto_merge_names.py)
Mohammed Abu Al-Shamat,Mohammed  Abu Al-Shamat,مؤكد,توحيد آلي — فرق لكنة أو شرطة أو مسافة (auto_merge_names.py)
Mohammed Al-Dawsari,Mohammed Al Dawsari,مؤكد,توحيد آلي — فرق لكنة أو شرطة أو مسافة (auto_merge_names.py)
Roger Martínez,Roger Martinez,مؤكد,توحيد آلي — فرق لكنة أو شرطة أو مسافة (auto_merge_names.py)
Saïd Benrahma,Said Benrahma,مؤكد,توحيد آلي — فرق لكنة أو شرطة أو مسافة (auto_merge_names.py)
Yakou Méïté,Yakou Meite,مؤكد,توحيد آلي — فرق لكنة أو شرطة أو مسافة (auto_merge_names.py)
