match_id,league_code,season,reason
1543785,QAT,2025,"مباراة ملحق صعود/هبوط (الشحانية 3-0 الخريطيات) — المزوّد نفسه يستبعدها من api_standings. تبقى ظاهرة بصفحتها وصفحتَي الناديين، تُستبعد من حساب الترتيب فقط (قرار المستخدم 4 سبتمبر)."
1376348,MAR,2024,"ملحق صعود/هبوط (أولمبيك الدشيرة × الرياضي السالمي، ذهاب) — المزوّد يستبعده من api_standings (16 نادياً/30 مباراة بالضبط لكل الفرق الأساسية). نفس آلية القطري 4 سبتمبر."
1376349,MAR,2024,"ملحق صعود/هبوط (الرياضي السالمي × أولمبيك الدشيرة، إياب) — نفس السبب أعلاه."
1376350,MAR,2024,"ملحق صعود/هبوط (رجاء بني ملال × حسنية أكادير، ذهاب) — نفس السبب أعلاه."
1376351,MAR,2024,"ملحق صعود/هبوط (حسنية أكادير × رجاء بني ملال، إياب) — نفس السبب أعلاه."
1589961,MAR,2025,"ملحق صعود/هبوط (أمل تزنيت × أولمبيك الدشيرة، ذهاب) — المزوّد يستبعده من api_standings (16 نادياً/30 مباراة بالضبط لكل الفرق الأساسية)."
1589962,MAR,2025,"ملحق صعود/هبوط (شباب المسيرة × اتحاد تواركة، ذهاب) — نفس السبب أعلاه."
1589963,MAR,2025,"ملحق صعود/هبوط (أولمبيك الدشيرة × أمل تزنيت، إياب) — نفس السبب أعلاه."
1589964,MAR,2025,"ملحق صعود/هبوط (اتحاد تواركة × شباب المسيرة، إياب) — نفس السبب أعلاه."
