priority,league,team_ar,goals_or_apps,player_en,player_ar
D,SAU,أبها,1,A. Al Bouq,
D,SAU,أبها,1,A. Al Fahad,
D,SAU,أبها,30,A. Darisi,
D,SAU,أبها,1,A. Gory,
D,SAU,أبها,34,A. Hindi,
D,SAU,أبها,28,Abdulelah Al Shammry,
D,SAU,أبها,2,Abdulrahman Al Alawi,
D,SAU,أبها,23,Abdulrahman Al Bouq,
D,SAU,أبها,15,Ahmad Jamal,
D,SAU,أبها,1,B. Al Mutairi,
D,SAU,أبها,34,B. Al Sayyali,
D,SAU,أبها,33,C. Tătărușanu,
D,SAU,أبها,1,D. Epassy,
D,SAU,أبها,1,D. Leon,
D,SAU,أبها,25,F. Al Subiani,
D,SAU,أبها,6,Hassan Al Qayed,
D,SAU,أبها,1,J. Gaari,
D,SAU,أبها,7,K. Al Qahtani,
D,SAU,أبها,1,K. Boumedmed,
D,SAU,أبها,8,L. Đorđević,
D,SAU,أبها,8,M. Al-Zaid,
D,SAU,أبها,1,Mansour Johar,
D,SAU,أبها,22,Meshal Al Mutairi,
D,SAU,أبها,18,Mohammed Al Oufi,
D,SAU,أبها,1,N. Al Daajani,
D,SAU,أبها,1,N. Fekir,
D,SAU,أبها,9,Nasser Al Omran,
D,SAU,أبها,1,S. Al Johani,
D,SAU,أبها,29,Saad Al Salouli,
D,SAU,أبها,5,Saad Natiq,
D,SAU,أبها,4,Suad Natiq,
D,SAU,أبها,6,Sulaiman Asiri,
D,SAU,أبها,31,U. Matić,
D,SAU,أبها,2,Waseem Al Shehri,
D,SAU,أبها,2,Yousef Al Aqil,
D,SAU,الأخدود,24,Abdulrahman Al Rio,
D,SAU,الأخدود,2,Ahmed Al Daghrir,
D,SAU,الأخدود,18,Ahmed Mostafa,
D,SAU,الأخدود,11,Diego Ferreira,
D,SAU,الأخدود,7,H. Al Juhani,
D,SAU,الأخدود,29,H. Al Zabdani,
D,SAU,الأخدود,9,Hussain Al Shai'an,
D,SAU,الأخدود,11,I. Ashi,
D,SAU,الأخدود,15,K. Al Lazam,
D,SAU,الأخدود,3,Karim Ashraf,
D,SAU,الأخدود,30,M. Abu Abd,
D,SAU,الأخدود,30,M. Al Jahif,
D,SAU,الأخدود,32,M. Al Qaydhi,
D,SAU,الأخدود,2,M. Al-Qahtani,
D,SAU,الأخدود,20,M. Borrell,
D,SAU,الأخدود,19,M. Fagihy,
D,SAU,الأخدود,42,R. Al Najjar,
D,SAU,الأخدود,5,Rayan Hattan,
D,SAU,الأخدود,19,S. Al Harthi,
D,SAU,الأخدود,1,S. Al Qarni,
D,SAU,الأخدود,4,S. Balhareth,
D,SAU,الأخدود,2,S. Kverkvelia,
D,SAU,الأخدود,10,S. M. Al Harthi,
D,SAU,الأخدود,26,S. Salem,
D,SAU,الأخدود,6,Saad Al Qarni,
D,SAU,الأخدود,29,Saeed Al Rubaie,
D,SAU,الأخدود,2,Saif Balhareth,
D,SAU,الأخدود,49,Saleh Al Harthi,
D,SAU,الأخدود,29,Samuel Portugal,
D,SAU,الأخدود,13,Sharaf Al Salim,
D,SAU,الأخدود,2,Sharafi Al Saleem,
D,SAU,الأخدود,7,Y. Neyou,
D,SAU,الأهلي,19,A. Abdo,
D,SAU,الأهلي,35,A. Al Sanbi,
D,SAU,الأهلي,19,Abdullah Abdo,
D,SAU,الأهلي,3,Abdullah Otayf,
D,SAU,الأهلي,3,Adnan Al Bishri,
D,SAU,الأهلي,1,Ahmed Al Nakhli,
D,SAU,الأهلي,13,Alexsander,
D,SAU,الأهلي,2,Bandar Al Shamrani,
D,SAU,الأهلي,23,Bassam Al Hurayji,
D,SAU,الأهلي,31,E. Al Muwallad,
D,SAU,الأهلي,4,E. Alioski,
D,SAU,الأهلي,26,E. Mendy,
D,SAU,الأهلي,1,I. Azzam,
D,SAU,الأهلي,33,M. Abdulrahman,
D,SAU,الأهلي,1,M. Al Mutairi,
D,SAU,الأهلي,32,M. Sulaiman,
D,SAU,الأهلي,42,Mohammed Al Majhad,
D,SAU,الأهلي,4,R. Al Attar,
D,SAU,الأهلي,2,R. Boudebouz,
D,SAU,الأهلي,10,Rayan Hamidou,
D,SAU,الأهلي,4,Ricardo Mathias,
D,SAU,الأهلي,8,S. Abdullah,
D,SAU,الأهلي,4,S. Al Jadany,
D,SAU,الأهلي,1,Trincao,
D,SAU,الأهلي,7,Y. Al Zubaidi,
D,SAU,الأهلي,19,Y. Madani,
D,SAU,الأهلي,32,Z. Al Johani,
D,SAU,الاتحاد,27,A. Al Julaydan,
D,SAU,الاتحاد,9,A. M. Yousef H.,
D,SAU,الاتحاد,23,A. Sharahili,
D,SAU,الاتحاد,40,Abdulaziz Al Bishi,
D,SAU,الاتحاد,4,Abdullah Al Jadani,
D,SAU,الاتحاد,1,Ahmed Al-Julaydan,
D,SAU,الاتحاد,37,Awad Al Nashri,
D,SAU,الاتحاد,1,Dion Lopy,
D,SAU,الاتحاد,1,Farhah Ali Alshamrani,
D,SAU,الاتحاد,2,G. Ilenikhena,
D,SAU,الاتحاد,11,Hamed Al Shanqiti,
D,SAU,الاتحاد,8,J. Simic,
D,SAU,الاتحاد,19,Luiz Felipe,
D,SAU,الاتحاد,30,M. Al Absi,
D,SAU,الاتحاد,26,M. Barnawi,
D,SAU,الاتحاد,22,M. Fallatah,
D,SAU,الاتحاد,20,Madallah Al Olayan,
D,SAU,الاتحاد,1,Marwan Al-Sahafi,
D,SAU,الاتحاد,49,Mohammed Al Mahasnah,
D,SAU,الاتحاد,1,Mohammed Al-Absi,
D,SAU,الاتحاد,13,Mohammed Fallatah,
D,SAU,الاتحاد,29,Muath Fagihy,
D,SAU,الاتحاد,21,Muhannad Al Shanqiti,
D,SAU,الاتحاد,1,Nawaf Al Jadaani,
D,SAU,الاتحاد,8,O. Al Mermesh,
D,SAU,الاتحاد,13,Osama Al Mermesh,
D,SAU,الاتحاد,30,P. Rajkovic,
D,SAU,الاتحاد,28,P. Rajković,
D,SAU,الاتحاد,7,S. Al Mousa,
D,SAU,الاتحاد,4,Salem Ayyash,
D,SAU,الاتحاد,1,Stephane Keller,
D,SAU,الاتحاد,5,Sultan Al Farhan,
D,SAU,الاتحاد,9,Suwailem Al Menhali,
D,SAU,الاتحاد,11,T. Haji,
D,SAU,الاتحاد,14,Turki Al Jaadi,
D,SAU,الاتحاد,3,Y. Al Jaber,
D,SAU,الاتحاد,1,Yaseen Khalid,
D,SAU,الاتحاد,1,Youssef En-Nesyri,
D,SAU,الاتفاق,31,A. A. Khateeb,
D,SAU,الاتفاق,1,A. Al Ruhaili,
D,SAU,الاتفاق,17,A. Dahal,
D,SAU,الاتفاق,31,A. Madu,
D,SAU,الاتفاق,6,A. Maghfori,
D,SAU,الاتفاق,1,A. Sahhari,
D,SAU,الاتفاق,10,Abdullah Al Bishi,
D,SAU,الاتفاق,9,Abdullah Al Owayshir,
D,SAU,الاتفاق,5,Abdullah Khalifa,
D,SAU,الاتفاق,1,Abdulmuhsen Aldosary,
D,SAU,الاتفاق,2,Abdulrahman Sahhari,
D,SAU,الاتفاق,28,Ali Abdullah Hazzazi,
D,SAU,الاتفاق,1,Ali Al-Essa,
D,SAU,الاتفاق,1,B. Al Dawaa,
D,SAU,الاتفاق,5,B. Özdemir,
D,SAU,الاتفاق,1,Bersant Celina,
D,SAU,الاتفاق,2,Faris Al Ghamdi,
D,SAU,الاتفاق,6,H. Al Musallam,
D,SAU,الاتفاق,15,Hawswi,
D,SAU,الاتفاق,18,J. Costa,
D,SAU,الاتفاق,12,J. Escobar,
D,SAU,الاتفاق,17,J. Henderson,
D,SAU,الاتفاق,2,Jaber Qarradi,
D,SAU,الاتفاق,24,Jalal Al Salem,
D,SAU,الاتفاق,1,Khalid Al-Ghannam,
D,SAU,الاتفاق,22,M. Al Sibyani,
D,SAU,الاتفاق,7,M. Gluscevic,
D,SAU,الاتفاق,34,M. Rodak,
D,SAU,الاتفاق,34,M. Rodák,
D,SAU,الاتفاق,1,Madallah Al-Olayan,
D,SAU,الاتفاق,58,Marwan Al Haidari,
D,SAU,الاتفاق,1,Matija Glušćević,
D,SAU,الاتفاق,1,Meshal Ali Khayrallah,
D,SAU,الاتفاق,24,Meshal Sibyani,
D,SAU,الاتفاق,25,Mohammed Al Dosari,
D,SAU,الاتفاق,5,Mohammed Al Kadi,
D,SAU,الاتفاق,18,Muhannad Al Saad,
D,SAU,الاتفاق,3,N. Abdulrahman,
D,SAU,الاتفاق,27,O. Duda,
D,SAU,الاتفاق,1,Ondrej Duda,
D,SAU,الاتفاق,25,R. Al Otaibi,
D,SAU,الاتفاق,61,Radhi Al Otaibi,
D,SAU,الاتفاق,1,Rayane Messi,
D,SAU,الاتفاق,2,T. Al Madani,
D,SAU,الاتفاق,4,T. Baljosh,
D,SAU,الاتفاق,2,Turki Al Madani,
D,SAU,الاتفاق,4,Turki Ba Al Jawsh,
D,SAU,الاتفاق,1,Turki Ba Al-Jawsh,
D,SAU,الاتفاق,1,Yasir Shammari,
D,SAU,الاتفاق,29,Z. Al Ghamdi,
D,SAU,التعاون,4,A. Al Marwani,
D,SAU,التعاون,2,A. Al Senaid,
D,SAU,التعاون,34,A. Atiah,
D,SAU,التعاون,34,A. Bahusayn,
D,SAU,التعاون,46,A. Hawsawi,
D,SAU,التعاون,14,Abdul Rahman Al Ghamdi,
D,SAU,التعاون,7,Abdulrahman Al Senaid,
D,SAU,التعاون,1,Abdulrahman Al-Ghamdi,
D,SAU,التعاون,1,Adeeb Al Hassan,
D,SAU,التعاون,1,Ali Al Sakakir,
D,SAU,التعاون,1,Ali Sharahili,
D,SAU,التعاون,7,Anas Al Ghamdi,
D,SAU,التعاون,1,Awn Al-Saluli,
D,SAU,التعاون,1,Bassam Al-Hurayji,
D,SAU,التعاون,1,Bassem Al-Arini,
D,SAU,التعاون,1,F. Al Jumaiya,
D,SAU,التعاون,26,F. Al Rashidi,
D,SAU,التعاون,1,Fahad Al-Rashidi,
D,SAU,التعاون,26,Flavio,
D,SAU,التعاون,1,Hassan Rabea,
D,SAU,التعاون,2,I. Al Shuayl,
D,SAU,التعاون,1,Ibrahim Al Hazmi,
D,SAU,التعاون,13,Ibrahim Al Shuail,
D,SAU,التعاون,9,Ibrahim Al Shuayl,
D,SAU,التعاون,12,Iyad Madani,
D,SAU,التعاون,1,K. Al Karani,
D,SAU,التعاون,31,M. Al Alaeli,
D,SAU,التعاون,26,M. Al Mufarrij,
D,SAU,التعاون,1,M. Al Nuqaydan,
D,SAU,التعاون,14,M. Sembene,
D,SAU,التعاون,1,Marin Petkov,
D,SAU,التعاون,11,Mohammed Al Dhulayfi,
D,SAU,التعاون,1,Mohammed Al Nuqaydan,
D,SAU,التعاون,1,Mohammed Al Saedi,
D,SAU,التعاون,7,Mohammed Aldhulayfi,
D,SAU,التعاون,11,Mohammed Baker,
D,SAU,التعاون,1,N. Al Hawairy,
D,SAU,التعاون,11,Nawaf Al Rashwodi,
D,SAU,التعاون,1,Nawaf Mazen Al Hawairy,
D,SAU,التعاون,1,Nedim Bajrami,
D,SAU,التعاون,4,R. Fourig,
D,SAU,التعاون,4,Rakan Al Tulayhi,
D,SAU,التعاون,1,Rakan Al-Tulayhi,
D,SAU,التعاون,9,Rayan Al Johani,
D,SAU,التعاون,28,S. Rajab,
D,SAU,التعاون,1,Saif Rashad Mohamed,
D,SAU,التعاون,4,Saleh Abu Al Shamat,
D,SAU,التعاون,4,T. Al Shaifan,
D,SAU,التعاون,4,Turki Al Shaifan,
D,SAU,التعاون,18,Victor Hugo,
D,SAU,التعاون,1,Younes El Bahraoui,
D,SAU,التعاون,1,Zineddine Belaid,
D,SAU,التعاون,2,Ziyad Al Refaei,
D,SAU,الحزم,19,A. Al Harajin,
D,SAU,الحزم,31,A. Al Harbi,
D,SAU,الحزم,1,A. Al Hujaili,
D,SAU,الحزم,22,A. Al Khaibary,
D,SAU,الحزم,4,A. Awaji,
D,SAU,الحزم,8,A. Bamba Dieng,
D,SAU,الحزم,17,A. Boutouil,
D,SAU,الحزم,19,Abdulrahman Al Dakheel,
D,SAU,الحزم,14,Ammar Al Najjar,
D,SAU,الحزم,14,Azzam Al Salman,
D,SAU,الحزم,1,B. Mugisha,
D,SAU,الحزم,12,B. Traoré,
D,SAU,الحزم,20,B. Varela,
D,SAU,الحزم,27,Basil Al Sayyali,
D,SAU,الحزم,1,F. Al Azzmi,
D,SAU,الحزم,1,F. Hausawi,
D,SAU,الحزم,5,Fahad Al Obaid,
D,SAU,الحزم,8,Farhan Al Aazmi,
D,SAU,الحزم,2,Farhan Al Azmi,
D,SAU,الحزم,14,Farhan Al Azzmi,
D,SAU,الحزم,2,H. Idris,
D,SAU,الحزم,2,Hassan Idris,
D,SAU,الحزم,34,I. Zaied,
D,SAU,الحزم,32,Ibrahim Zaid,
D,SAU,الحزم,15,J. Moreno,
D,SAU,الحزم,10,Khalil Al Absi,
D,SAU,الحزم,15,M. Al Ghamdi,
D,SAU,الحزم,1,M. Al Hamdani,
D,SAU,الحزم,2,M. Al Saedi,
D,SAU,الحزم,1,M. Ben Hamida,
D,SAU,الحزم,21,M. Carvalho,
D,SAU,الحزم,20,Mohammed Abusabaan,
D,SAU,الحزم,2,Mohammed Al Shaeri,
D,SAU,الحزم,3,N. Al Bashri,
D,SAU,الحزم,1,Nawaf Al Bishri,
D,SAU,الحزم,17,Rayan Al Mousa,
D,SAU,الحزم,2,Rayan Al Sharekh,
D,SAU,الحزم,28,S. Al Rashid,
D,SAU,الحزم,1,S. Tunkar,
D,SAU,الحزم,3,Sultan Al Essa,
D,SAU,الحزم,2,Sultan Tanker,
D,SAU,الحزم,1,T. Muhaddili,
D,SAU,الحزم,27,Talal Al Absi,
D,SAU,الحزم,1,Talal Al-Absi,
D,SAU,الحزم,1,W. Al Shanqiti,
D,SAU,الحزم,2,Y. Al Ruwaili,
D,SAU,الخلود,7,A. Adi,
D,SAU,الخلود,2,A. Al Ajian,
D,SAU,الخلود,24,A. Al Safari,
D,SAU,الخلود,5,A. Berry,
D,SAU,الخلود,4,A. Masoud,
D,SAU,الخلود,1,Abdullah Al Ajyan,
D,SAU,الخلود,6,Abdullah Al Rashidi,
D,SAU,الخلود,1,Abdulrahman Al-Dosari,
D,SAU,الخلود,1,Adi,
D,SAU,الخلود,1,B. Al Qahtani,
D,SAU,الخلود,1,Coba Da Costa,
D,SAU,الخلود,1,Edgaras Utkus,
D,SAU,الخلود,1,F. Al Zahrani,
D,SAU,الخلود,18,H. Al Asmari,
D,SAU,الخلود,1,Hamed Al-Shanqity,
D,SAU,الخلود,24,Hassan Al Asmari,
D,SAU,الخلود,7,I. Barabaa,
D,SAU,الخلود,1,Iker Kortajarena,
D,SAU,الخلود,29,J. Al Dosari,
D,SAU,الخلود,1,J. Al Oshbaan,
D,SAU,الخلود,32,J. Cozzani,
D,SAU,الخلود,10,Jamaan Al Dosari,
D,SAU,الخلود,13,Jassim Al Ashban,
D,SAU,الخلود,1,John Buckley,
D,SAU,الخلود,1,Julien Domingues,
D,SAU,الخلود,3,Jumaan Al Dosari,
D,SAU,الخلود,1,K. Sowe,
D,SAU,الخلود,34,M. Al Shammari,
D,SAU,الخلود,18,M. Al Yahya,
D,SAU,الخلود,11,M. Camara,
D,SAU,الخلود,28,M. Khalifah,
D,SAU,الخلود,1,Mansour Camara,
D,SAU,الخلود,8,Meshari Al Oufi,
D,SAU,الخلود,1,Muhammad Sawan,
D,SAU,الخلود,1,Muhannad Al-Yahya,
D,SAU,الخلود,28,N. Gyomber,
D,SAU,الخلود,33,N. Gyömbér,
D,SAU,الخلود,17,O. Abdulghani,
D,SAU,الخلود,9,O. Ambrose,
D,SAU,الخلود,2,R. Al Mutairi,
D,SAU,الخلود,11,R. Jaman,
D,SAU,الخلود,24,R. Solan,
D,SAU,الخلود,7,Riyadh Al Ibrahim,
D,SAU,الخلود,1,Seydouba Cisse,
D,SAU,الخلود,1,Shaquille Riley Pinas,
D,SAU,الخلود,6,U. Hussein,
D,SAU,الخلود,1,Y. Al honaifesh,
D,SAU,الخلود,1,Yaseen Al-Zubaidi,
D,SAU,الخلود,1,Yazan Madani,
D,SAU,الخلود,17,Zaid Al Enezi,
D,SAU,الخليج,9,A. Abdoulraouf,
D,SAU,الخليج,31,A. Al Hafith,
D,SAU,الخليج,24,A. Al Haydar,
D,SAU,الخليج,1,A. Al Shaafi,
D,SAU,الخليج,8,A. Al Zaynaldeen,
D,SAU,الخليج,31,A. Asiri,
D,SAU,الخليج,8,A. Mboge,
D,SAU,الخليج,1,Abdoulie Mboge,
D,SAU,الخليج,33,Abdullah Al Shanqiti,
D,SAU,الخليج,3,Abdulmajeed Al Khathami,
D,SAU,الخليج,13,Ali Abdulraouf,
D,SAU,الخليج,1,Anthony Moris,
D,SAU,الخليج,54,Arif Al Haydar,
D,SAU,الخليج,17,B. M. Munshi,
D,SAU,الخليج,31,B. Nasser,
D,SAU,الخليج,21,B. Schenkeveld,
D,SAU,الخليج,1,B. Seye,
D,SAU,الخليج,11,H. Al Eisa,
D,SAU,الخليج,20,H. Al Jayzani,
D,SAU,الخليج,1,H. Al-Eissa,
D,SAU,الخليج,21,Hamad Al Abdan,
D,SAU,الخليج,16,Hassan Al Majhad,
D,SAU,الخليج,12,Hassan Al Musallam,
D,SAU,الخليج,1,Hussein Freij,
D,SAU,الخليج,51,I. Šehić,
D,SAU,الخليج,1,Joshua King,
D,SAU,الخليج,17,M. Adams,
D,SAU,الخليج,1,M. Al Abdullah,
D,SAU,الخليج,5,M. Al Ghanem,
D,SAU,الخليج,29,M. Al Haidari,
D,SAU,الخليج,32,M. Al Khabrani,
D,SAU,الخليج,33,M. Hamzi,
D,SAU,الخليج,32,M. Kanabah,
D,SAU,الخليج,48,M. Tisserand,
D,SAU,الخليج,1,Marwan Al-Haidari,
D,SAU,الخليج,1,Miguel Crespo,
D,SAU,الخليج,1,Mohammed Al Ghanem,
D,SAU,الخليج,56,Mohammed Al Khabrani,
D,SAU,الخليج,1,Mohammed Al-Khabrani,
D,SAU,الخليج,1,Nawaf Al Sadi,
D,SAU,الخليج,6,Omar Al Oudah,
D,SAU,الخليج,1,Omar Mascarell,
D,SAU,الخليج,33,P. Rebocho,
D,SAU,الخليج,1,R. Al Dossary,
D,SAU,الخليج,10,R. Al Shanqiti,
D,SAU,الخليج,8,Rayan Al Dossary,
D,SAU,الخليج,1,Rebocho,
D,SAU,الخليج,30,S. Al Hamsal,
D,SAU,الخليج,21,T. Al Khaibri,
D,SAU,الخليج,10,Theyab Absa,
D,SAU,الدرعية,1,A. Al Faraj,
D,SAU,الدرعية,10,A. Al Malki,
D,SAU,الدرعية,1,C. Diandy,
D,SAU,الدرعية,1,C. Mbemba,
D,SAU,الدرعية,14,F. Al Mutairi,
D,SAU,الدرعية,1,G. Laborde,
D,SAU,الدرعية,15,H. Al Qahtani,
D,SAU,الدرعية,1,I. Gueye,
D,SAU,الدرعية,1,K. Al Asiri,
D,SAU,الدرعية,2,M. Al Nemer,
D,SAU,الدرعية,1,M. Hameran,
D,SAU,الدرعية,1,N. Vasilj,
D,SAU,الدرعية,1,O. Colley,
D,SAU,الدرعية,1,O. Rodriguez,
D,SAU,الدرعية,34,Q. Lajami,
D,SAU,الدرعية,1,T. Wadi,
D,SAU,الدرعية,1,W. Abdullah,
D,SAU,الرائد,1,Abdelrahman Sherif,
D,SAU,الرائد,5,Abdullah Al Rawdhan,
D,SAU,الرائد,19,Abdullah Majrashi,
D,SAU,الرائد,2,Abdullah Saad Al Shaflut,
D,SAU,الرائد,2,Abdulrahman Sayadi,
D,SAU,الرائد,19,Ahmed Shami,
D,SAU,الرائد,22,Anas Al Zahrani,
D,SAU,الرائد,5,Azm Al Sayil,
D,SAU,الرائد,28,Bander Whaeshi,
D,SAU,الرائد,1,Basil Hilwan Al Anzi,
D,SAU,الرائد,1,Faisal Abdulrazaq,
D,SAU,الرائد,7,Faisal Nahet,
D,SAU,الرائد,16,Feras Al Ghamdi,
D,SAU,الرائد,2,Feras Al Rajhi,
D,SAU,الرائد,17,Firas Al-Ghamdi,
D,SAU,الرائد,6,Hamoud Bassam,
D,SAU,الرائد,29,M. Loum,
D,SAU,الرائد,15,M. Turay,
D,SAU,الرائد,41,Meshari Sunyur,
D,SAU,الرائد,1,Mohammed Al Hazmi,
D,SAU,الرائد,14,Mohammed Alsubaie,
D,SAU,الرائد,1,Mubarak Al Shayie,
D,SAU,الرائد,5,Nasser Al Hadhood,
D,SAU,الرائد,43,Raed Al Ghamdi,
D,SAU,الرائد,20,Rakan Al Dosari,
D,SAU,الرائد,15,S. Tweh,
D,SAU,الرائد,35,Saleh Al Ohaymid,
D,SAU,الرائد,5,Saud Al Dosari,
D,SAU,الرائد,3,Tamim Al Shuqayran,
D,SAU,الرياض,28,A. Al Harfi,
D,SAU,الرياض,18,A. Al Siyahi,
D,SAU,الرياض,22,A. I. Al Khaibari,
D,SAU,الرياض,1,A. Khatir,
D,SAU,الرياض,2,Abduallah Al Dossari,
D,SAU,الرياض,8,Abdullah Al Dosari,
D,SAU,الرياض,12,Abdullah Al Dossari,
D,SAU,الرياض,1,Abdulmalik Al Khaibari,
D,SAU,الرياض,8,Abdulrahman Al Yami,
D,SAU,الرياض,16,Amiri Kurdi,
D,SAU,الرياض,1,Cheikh Fall,
D,SAU,الرياض,31,D. Arslanagić,
D,SAU,الرياض,1,Essam Bahri,
D,SAU,الرياض,1,Fahad Abdulrahman Hashim,
D,SAU,الرياض,2,Fahad Al Munaif,
D,SAU,الرياض,9,H. A. Bahri E.,
D,SAU,الرياض,46,Hussain Al Nowaiqi,
D,SAU,الرياض,1,Hussain Al-Raqwani,
D,SAU,الرياض,5,Hussain Ali Alnowaiqi,
D,SAU,الرياض,18,I. Soro,
D,SAU,الرياض,1,J. Petek,
D,SAU,الرياض,10,K. Al Asbahi,
D,SAU,الرياض,33,M. Campaña,
D,SAU,الرياض,13,Moayad Al Houti,
D,SAU,الرياض,30,Mohammed Al Aqeel,
D,SAU,الرياض,8,Mutaz Bin Hibah,
D,SAU,الرياض,18,Nawaf Al Abid,
D,SAU,الرياض,7,S. Al Tumbukti,
D,SAU,الرياض,2,S. Harun,
D,SAU,الرياض,3,Saleh Al Saeed,
D,SAU,الرياض,1,Salman Matar,
D,SAU,الرياض,4,Saud Al Tumbukti,
D,SAU,الرياض,2,Saud Zaid Al Bawardi,
D,SAU,الرياض,42,Suwailem Al Manhali,
D,SAU,الرياض,2,Thamer Al Dhafeeri,
D,SAU,الرياض,1,V. Angelini,
D,SAU,الرياض,3,Zaid Al Bawardi,
D,SAU,الشباب,31,A. Al Asmari,
D,SAU,الشباب,28,A. Al Awardi,
D,SAU,الشباب,1,A. Al Hadhood,
D,SAU,الشباب,32,A. Al Nashri,
D,SAU,الشباب,1,A. Dagar,
D,SAU,الشباب,5,A. Haraj,
D,SAU,الشباب,6,A. Jaman,
D,SAU,الشباب,27,A. Makki,
D,SAU,الشباب,19,A. Matuq,
D,SAU,الشباب,9,Abdullah Al Joui,
D,SAU,الشباب,52,Abdullah Al Muaiouf,
D,SAU,الشباب,3,Abdullah Matuq,
D,SAU,الشباب,4,Adel Al Mutairi,
D,SAU,الشباب,6,Amjad Haraj,
D,SAU,الشباب,9,Emad Qaysi,
D,SAU,الشباب,14,F. Al Saqour,
D,SAU,الشباب,18,Fawaz Al Qarni,
D,SAU,الشباب,1,G. Bushchan,
D,SAU,الشباب,39,G. Cuéllar,
D,SAU,الشباب,13,G. Kamara,
D,SAU,الشباب,32,H. Al Dubais,
D,SAU,الشباب,1,H. Al Khorayef,
D,SAU,الشباب,11,H. Bushchan,
D,SAU,الشباب,3,Hamad Al-Khorayef,
D,SAU,الشباب,16,Hattan Bahbri,
D,SAU,الشباب,24,K. A. Al Sibyani H.,
D,SAU,الشباب,20,Khalid Al Asiri,
D,SAU,الشباب,27,Kim Seung-Gyu,
D,SAU,الشباب,10,Leandrinho,
D,SAU,الشباب,19,M. Abdullah,
D,SAU,الشباب,8,M. Al Mahasneh,
D,SAU,الشباب,5,M. Al Otaibi,
D,SAU,الشباب,13,M. Al Rajeh,
D,SAU,الشباب,33,M. Al Thani,
D,SAU,الشباب,6,M. Harbush,
D,SAU,الشباب,2,M. Madani,
D,SAU,الشباب,1,M. T. Barry,
D,SAU,الشباب,6,Mishal Saad,
D,SAU,الشباب,41,Mohammed Al Absi,
D,SAU,الشباب,1,Mohammed Al Hakim,
D,SAU,الشباب,9,Mohammed Essa Harbush,
D,SAU,الشباب,35,Mohammed Essa Hurbush,
D,SAU,الشباب,14,Mohammed Issa,
D,SAU,الشباب,2,Mussa Camara,
D,SAU,الشباب,34,Mustafa Malayekah,
D,SAU,الشباب,9,N. Al Gulaymish,
D,SAU,الشباب,3,N. Al Sadi,
D,SAU,الشباب,23,Nawaf Al Ghulaimish,
D,SAU,الشباب,16,S. Al Anzi,
D,SAU,الشباب,4,Saad Al Muwallad,
D,SAU,الشباب,1,T. Jedvaj,
D,SAU,الشباب,25,U. Hernandez,
D,SAU,الشباب,26,V. Sierro,
D,SAU,الشباب,1,Y. Al Dosari,
D,SAU,الشباب,32,Younes Al Shanqeeti,
D,SAU,الطائي,14,Abdulkarim Sultan,
D,SAU,الطائي,9,Abdulmohsen Fallatah,
D,SAU,الطائي,28,Abdulrahman Al Harthi,
D,SAU,الطائي,26,Adeeb Al Haizan,
D,SAU,الطائي,2,Amer Khalil,
D,SAU,الطائي,16,Hassan Al Amri,
D,SAU,الطائي,6,Hazaa Al Hazaa,
D,SAU,الطائي,4,Hazza Al Hazza,
D,SAU,الطائي,25,Jamal Bajandouh,
D,SAU,الطائي,1,Mansour Al Nakhli,
D,SAU,الطائي,33,Moataz Al Baqawi,
D,SAU,الطائي,7,Mohammed Al Qunaian,
D,SAU,الطائي,2,Mohammed Al Qunayan,
D,SAU,الطائي,15,Safwan Saud,
D,SAU,الطائي,28,Salem Al Toiawy,
D,SAU,الطائي,2,Salman Al Mowasher,
D,SAU,الطائي,18,Salman Al Muwashar,
D,SAU,الطائي,7,Salman Al-Mowasher,
D,SAU,العروبة,6,Abdulaziz Masnom,
D,SAU,العروبة,38,Abdulrahman Al Anazi,
D,SAU,العروبة,2,Faraj Al Rashid,
D,SAU,العروبة,44,Hussain Al Shuwaysh,
D,SAU,العروبة,1,Ibrahim Al Hamlan,
D,SAU,العروبة,52,Ibrahim Al Zubaidi,
B,SAU,العروبة,3,J. Guðmunds­son,
D,SAU,العروبة,31,K. Muhar,
D,SAU,العروبة,1,Mishal Al Ruwaili,
D,SAU,العروبة,39,Mohammed Al Qarni,
D,SAU,العروبة,14,Mohammed Al Shanqiti,
D,SAU,العروبة,1,Mohammed Al Zubaidi,
D,SAU,العروبة,21,Mohammed Barnawi,
D,SAU,العروبة,10,Mutni Fareed Al Timawi,
D,SAU,العروبة,50,Nawaf Al Quamiri,
D,SAU,العروبة,2,Omar Al Sharari,
D,SAU,العروبة,26,Rafi Al Ruwaili,
D,SAU,العروبة,10,Saud Al Ruwaili,
D,SAU,الفتح,30,A. Al Bukhari,
D,SAU,الفتح,1,A. Al Youssef,
D,SAU,الفتح,1,A. Gabal,
D,SAU,الفتح,1,A. Sbai,
D,SAU,الفتح,5,Abdullah Al Anazi,
D,SAU,الفتح,29,Ahmed Al Julaydan,
D,SAU,الفتح,5,Al Burayh Mahmoud,
D,SAU,الفتح,4,Ali Al Jassem,
D,SAU,الفتح,30,Ali Al Zubaidi,
D,SAU,الفتح,48,Ammar Al Dohaim,
D,SAU,الفتح,1,Ammar Al Hudaybi,
D,SAU,الفتح,16,Bin Mahmoud,
D,SAU,الفتح,1,Fran Vélez,
D,SAU,الفتح,1,H. A. Al-Ghazal,
D,SAU,الفتح,9,Hassan Al Mohammedsaleh,
D,SAU,الفتح,7,Hassan Al Slis,
D,SAU,الفتح,33,J. Rinne,
D,SAU,الفتح,16,M. Al Sarnoukh,
D,SAU,الفتح,1,M. Al Shqaq,
D,SAU,الفتح,1,M. Bumuaykel,
D,SAU,الفتح,11,M. Qasheesh,
D,SAU,الفتح,5,M. Refaat,
D,SAU,الفتح,1,M. Rifaat,
D,SAU,الفتح,48,Mohammed Al Kunaydiri,
D,SAU,الفتح,1,Montadhar Alshqaq,
D,SAU,الفتح,9,Muhannad Al Yahya,
D,SAU,الفتح,28,Noah Al Mousa,
D,SAU,الفتح,17,O. Al Othman,
D,SAU,الفتح,2,Sattam Al Subaiei,
D,SAU,الفتح,28,Suhayb Al Zaid,
D,SAU,الفتح,8,Tawfiq Bu Haymid,
D,SAU,الفتح,28,Z. Al Jari,
D,SAU,الفتح,24,Ziyad Al Jari,
D,SAU,الفتح,1,Ziyad Aljari,
D,SAU,الفيحاء,25,A. Al Duqayl,
D,SAU,الفيحاء,1,A. Al Harshan,
D,SAU,الفيحاء,6,A. Al Hussain,
D,SAU,الفيحاء,15,A. Al Jouei,
D,SAU,الفيحاء,34,A. Bamsaud,
D,SAU,الفيحاء,6,A. Contreras,
D,SAU,الفيحاء,17,A. Radif,
D,SAU,الفيحاء,1,A. S. Saikou,
D,SAU,الفيحاء,2,Abdulaziz Al Murdih,
D,SAU,الفيحاء,2,Abdulraouf Al Dakheel,
D,SAU,الفيحاء,4,Abdulrhman,
D,SAU,الفيحاء,11,Ali Al Jubaya,
D,SAU,الفيحاء,1,D. Al Habeeb,
D,SAU,الفيحاء,1,F. Alhubayshi,
D,SAU,الفيحاء,55,G. Cimirot,
D,SAU,الفيحاء,31,G. Konan,
D,SAU,الفيحاء,14,Gabriel Vareta,
D,SAU,الفيحاء,11,Hussam Majrashi,
D,SAU,الفيحاء,1,J. Kanon,
D,SAU,الفيحاء,24,K. Al Rammah,
D,SAU,الفيحاء,16,Khaled Al Rammah,
D,SAU,الفيحاء,4,Khalid Al Rammah,
D,SAU,الفيحاء,15,M. Al Abdulmanam,
D,SAU,الفيحاء,34,M. Al Baqawi,
D,SAU,الفيحاء,34,M. Al Beshe,
D,SAU,الفيحاء,1,M. Al Dowaish,
D,SAU,الفيحاء,5,M. Pavkov,
D,SAU,الفيحاء,45,Makhir Al Rashidi,
D,SAU,الفيحاء,28,Malek Al Abadalmanam,
D,SAU,الفيحاء,2,Malek Al Abdulmanam,
D,SAU,الفيحاء,28,Mohammed Al Dowaish,
D,SAU,الفيحاء,7,Mohammed Majrashi,
D,SAU,الفيحاء,17,Mukhir Al Rashidi,
D,SAU,الفيحاء,33,N. Al Harthi,
D,SAU,الفيحاء,28,O. Shukurov,
D,SAU,الفيحاء,2,Osama Al Turki,
D,SAU,الفيحاء,1,P. Oliveira,
D,SAU,الفيحاء,30,R. Enad,
D,SAU,الفيحاء,35,R. Kaabi,
D,SAU,الفيحاء,21,Rangel,
D,SAU,الفيحاء,6,Redha Al Abdullah,
D,SAU,الفيحاء,4,S. Al Roqi,
D,SAU,الفيحاء,12,S. Al Shammari,
D,SAU,الفيحاء,10,S. Vrontis,
D,SAU,الفيحاء,12,Satam Al Lehiyani,
D,SAU,الفيحاء,30,Sattam Al Ruqi,
D,SAU,الفيحاء,4,Sattam Al Shammari,
D,SAU,الفيحاء,32,V. Stojković,
D,SAU,الفيحاء,4,Víctor Ruiz,
D,SAU,الفيحاء,16,Yousef Haqawi,
D,SAU,الفيحاء,31,Z. Al Sahafi,
D,SAU,الفيصلي,1,Abdullah Almogren,
D,SAU,الفيصلي,1,Abdullah Bin Subayt,
D,SAU,الفيصلي,1,Abdulrahman Al-Shereaf,
D,SAU,الفيصلي,1,Alexandre Mendy,
D,SAU,الفيصلي,1,André Jordy Ella,
D,SAU,الفيصلي,1,Fernando Pacheco,
D,SAU,الفيصلي,1,Jaime Seoane,
D,SAU,الفيصلي,1,Khalid Al-Harbi,
D,SAU,الفيصلي,1,Mohammed Al-Hasawi,
D,SAU,الفيصلي,1,Mohammed Al-Shanqiti,
D,SAU,الفيصلي,1,Saud Haddad,
D,SAU,الفيصلي,1,Théo Bongonda,
D,SAU,الفيصلي,1,Yaseen Barnawi,
D,SAU,القادسية,1,A. Abdulaziz Al Jwayzan,
D,SAU,القادسية,25,A. Al Kassar,
D,SAU,القادسية,1,A. Al Muhaysin,
D,SAU,القادسية,10,A. Al Yuhaybi,
D,SAU,القادسية,1,A. Vergaz,
D,SAU,القادسية,23,Abdulaziz Al Awardi,
D,SAU,القادسية,17,Abdullah Tarmin,
D,SAU,القادسية,32,Abdulrahman Al Dosari,
D,SAU,القادسية,2,Ahmed Kaabi,
D,SAU,القادسية,1,Alejandro Vergaz,
D,SAU,القادسية,1,C. Puertas,
D,SAU,القادسية,1,E. Fernández,
D,SAU,القادسية,30,G. Alvarez,
D,SAU,القادسية,19,H. Asiri,
D,SAU,القادسية,30,Haitham Asiri,
D,SAU,القادسية,6,Hussain Al Nattar,
D,SAU,القادسية,17,Iker Almena,
D,SAU,القادسية,31,J. Thakri,
D,SAU,القادسية,31,Jehad Thikri,
D,SAU,القادسية,2,Khalid Hazazi,
D,SAU,القادسية,1,M. Sanyor,
D,SAU,القادسية,11,M. Sunyur,
D,SAU,القادسية,54,Mohammed Qasem,
D,SAU,القادسية,35,N. Fernandez,
D,SAU,القادسية,28,N. Nández,
D,SAU,القادسية,16,Otavio,
D,SAU,القادسية,22,Saif Rashad,
D,SAU,القادسية,34,Y. Al Shahrani,
D,SAU,النجمة,33,A. Al Harabi,
D,SAU,النجمة,28,A. Al Hawsawi,
D,SAU,النجمة,14,A. Al Najjar,
D,SAU,النجمة,23,A. Al Shammeri,
D,SAU,النجمة,23,F. Al Abdulraziq,
D,SAU,النجمة,18,K. Al Muqaitib,
D,SAU,النجمة,25,K. Al Shammari,
D,SAU,النجمة,23,K. Al Subaie,
D,SAU,النجمة,13,M. Al Fatil,
D,SAU,النجمة,4,M. Al Kunaydiri,
D,SAU,النجمة,12,M. Mile,
D,SAU,النجمة,2,M. Prekodravac,
D,SAU,النجمة,5,M. Sharrahi,
D,SAU,النجمة,30,M. Y. Dawran M.,
D,SAU,النجمة,27,N. Al Hawsawi,
D,SAU,النجمة,1,N. Al Rashwodi,
D,SAU,النجمة,12,N. Dunga,
D,SAU,النجمة,10,R. Quioto,
D,SAU,النجمة,15,S. Al Essa,
D,SAU,النجمة,21,W. Al Enezi,
D,SAU,النصر,41,A. Al Hassan,
D,SAU,النصر,1,A. Al Jaber,
D,SAU,النصر,3,A. Al Otaibi,
D,SAU,النصر,3,A. Aman,
D,SAU,النصر,2,Abdulaziz Al Faraj,
D,SAU,النصر,16,Abdulmajeed Al Sulaiheem,
D,SAU,النصر,1,Abdulrahman Al-Otaibi,
D,SAU,النصر,12,Awad Aman,
D,SAU,النصر,4,Bassam Hazazi,
D,SAU,النصر,12,D. Ospina,
D,SAU,النصر,5,Faris Afandy,
D,SAU,النصر,1,Iñigo Martínez,
D,SAU,النصر,1,Kingsley Coman,
D,SAU,النصر,7,M. Al Buainain,
D,SAU,النصر,27,M. Maran,
D,SAU,النصر,2,M. Marran,
D,SAU,النصر,46,Majed Qasheesh,
D,SAU,النصر,4,Mohammed Hazazi,
D,SAU,النصر,8,Mohammed Maran,
D,SAU,النصر,1,Mohammed Suhluli,
D,SAU,النصر,2,Mubarak Al Buainain,
D,SAU,النصر,1,Muhammad Sahlouli,
D,SAU,النصر,25,N. Al Aqidi,
D,SAU,النصر,27,N. Al Sharari,
D,SAU,النصر,33,N. Boushal,
D,SAU,النصر,2,R. Al Ghamdi,
D,SAU,النصر,16,Raghed Najjar,
D,SAU,النصر,33,S. Al Ghannam,
D,SAU,النصر,29,S. Al Najdi,
D,SAU,النصر,22,S. Al Nasser,
D,SAU,النصر,1,S. Haqawi,
D,SAU,النصر,1,Saad Al-Nasser,
D,SAU,النصر,8,Saad Haqawi,
D,SAU,النصر,1,Samú Costa,
D,SAU,النصر,1,Waleed Hibah,
D,SAU,النصر,4,Youssef Al Tahan,
D,SAU,النصر,1,Ângelo,
D,SAU,الهلال,12,A. Abu Rasen,
D,SAU,الهلال,3,A. Al Zaid,
D,SAU,الهلال,1,A. Jarmosh,
D,SAU,الهلال,32,A. Lajami,
D,SAU,الهلال,2,Abdulaziz Hadhood,
D,SAU,الهلال,2,Abdulilah Al Ghamdi,
D,SAU,الهلال,3,Abdulsalam Barnawi,
D,SAU,الهلال,1,Ahmad Abu Raseen,
D,SAU,الهلال,1,Crysencio Summerville,
D,SAU,الهلال,22,H. Al Yami,
D,SAU,الهلال,7,Habib Al Watyan,
D,SAU,الهلال,38,Hassan Tambakti,
D,SAU,الهلال,2,J. Cancelo,
D,SAU,الهلال,11,Kaio Cesar,
D,SAU,الهلال,6,M. Al Dawood,
D,SAU,الهلال,31,M. Al Rubaie,
D,SAU,الهلال,4,M. Patouillet,
D,SAU,الهلال,1,Meshal Al Dawood,
D,SAU,الهلال,1,Mohamed Kader Meite,
D,SAU,الهلال,1,Mohammed Al Muhaysh,
D,SAU,الهلال,1,Mohammed Al-Owais,
D,SAU,الهلال,1,Mohammed Al-Yami,
D,SAU,الهلال,50,Moteb Al Harbi,
D,SAU,الهلال,1,Moteb Al-Harbi,
D,SAU,الهلال,1,Murad Al Hawsawi,
D,SAU,الهلال,27,N. Al Dawsari,
D,SAU,الهلال,5,P. Mari,
D,SAU,الهلال,5,R. Al-Ghamdi,
D,SAU,الهلال,14,S. Al Mutairi,
D,SAU,الهلال,3,S. Al Zaid,
D,SAU,الهلال,1,Saad Al Muthary,
D,SAU,الهلال,1,Sabri Abdu Dahal,
D,SAU,الهلال,23,Salman Al Faraj,
D,SAU,الهلال,8,Turki Al Ghamil,
D,SAU,الهلال,13,Y. Akcicek,
D,SAU,الوحدة,1,Abdul Rahman Al Hajri,
D,SAU,الوحدة,2,Abdul Rahman Al Shammari,
D,SAU,الوحدة,4,Abdulkarim Al Qahtani,
D,SAU,الوحدة,1,Abdullah Fallatah,
D,SAU,الوحدة,28,Ahmed Al Rashidi,
D,SAU,الوحدة,1,Ahmed Darwish,
D,SAU,الوحدة,34,Ala Al Hajji,
D,SAU,الوحدة,7,Ayman Al Hussaini,
D,SAU,الوحدة,6,Azzam Al Bishi,
D,SAU,الوحدة,26,Hussain Al Eissa,
D,SAU,الوحدة,2,I. de Arruabarrena,
D,SAU,الوحدة,33,Islam Hawsawi,
D,SAU,الوحدة,17,Jaber Nasser Asiri,
D,SAU,الوحدة,27,M. Mohamedi,
D,SAU,الوحدة,1,Mohammed Al Sufyani,
D,SAU,الوحدة,5,Naif Kariri,
D,SAU,الوحدة,10,Naif Kireiri,
D,SAU,الوحدة,20,Nawaf bin Saleh Al Azizi,
D,SAU,الوحدة,3,Ridha Abdullah Ambadu,
D,SAU,الوحدة,11,Sultan Al Akouz,
D,SAU,الوحدة,25,V. van Crooij,
D,SAU,الوحدة,32,Waleed Bakshwn,
D,SAU,ضمك,32,A. Al Obaid,
D,SAU,ضمك,4,A. Maher,
D,SAU,ضمك,1,A. Namazi,
D,SAU,ضمك,12,A. Omar,
D,SAU,ضمك,33,A. R. Al Khaibre,
D,SAU,ضمك,27,Abdulaziz Makin,
D,SAU,ضمك,10,Abdulbasit Hawswi,
D,SAU,ضمك,50,Abdullah Al Mogren,
D,SAU,ضمك,46,Abdulrahman Al Obaid,
D,SAU,ضمك,1,Bandar Mofrh,
D,SAU,ضمك,14,David Kaiki,
D,SAU,ضمك,32,F. Niță,
D,SAU,ضمك,24,Fahad Al Johani,
D,SAU,ضمك,47,H. Al Ghamdi,
D,SAU,ضمك,29,H. Rabea,
D,SAU,ضمك,9,Hassan Abu Shararah,
D,SAU,ضمك,9,Hassan Al Shamrani,
D,SAU,ضمك,14,J. Al Hassan,
D,SAU,ضمك,19,Jawad Al Hassan,
D,SAU,ضمك,34,K. Al Samiri,
D,SAU,ضمك,23,M. Al Baqaawi,
D,SAU,ضمك,9,M. Al Salkhadi,
D,SAU,ضمك,3,M. Al Shahrani,
D,SAU,ضمك,25,M. Zeghba,
D,SAU,ضمك,1,Majed Alawad,
D,SAU,ضمك,34,Mohammed Al Khaibari,
D,SAU,ضمك,15,Mohammed Al Mahasneh,
D,SAU,ضمك,23,N. Al Ghamdi,
D,SAU,ضمك,9,N. Al Rashidi,
D,SAU,ضمك,30,N. Al Saadi,
D,SAU,ضمك,6,N. Alioui,
D,SAU,ضمك,5,Naser Al Ghamdi,
D,SAU,ضمك,58,Noor Al Rashidi,
D,SAU,ضمك,27,R. Sharahili,
D,SAU,ضمك,49,Sanousi Al Hawsawi,
D,SAU,ضمك,27,T. Abdullah,
D,SAU,ضمك,4,Thamer Al Ali,
D,SAU,ضمك,34,Y. Naji,
D,SAU,ضمك,1,Yahya Abu Dahi,
D,SAU,ضمك,1,Z. Makkawi,
D,SAU,نيوم,7,A. Al Anzi,
D,SAU,نيوم,7,A. Al Khanani,
D,SAU,نيوم,33,A. Al Saluli,
D,SAU,نيوم,1,A. Dagriri,
D,SAU,نيوم,22,A. Fallatah,
D,SAU,نيوم,12,A. Hejji,
D,SAU,نيوم,33,F. Abdi,
D,SAU,نيوم,2,F. Ghafli,
D,SAU,نيوم,3,G. Balanta Olivar,
D,SAU,نيوم,26,H. Al Ali,
D,SAU,نيوم,1,H. Camara,
D,SAU,نيوم,34,I. Hawsawi,
D,SAU,نيوم,3,J. Carabali,
D,SAU,نيوم,30,L. Maximiano,
D,SAU,نيوم,1,M. Al Dossary,
D,SAU,نيوم,6,M. Al Hakim,
D,SAU,نيوم,7,M. Bulka,
D,SAU,نيوم,32,M. Malayekah,
D,SAU,نيوم,1,M. Sarr,
D,SAU,نيوم,2,R. Ozaybi,
D,SAU,نيوم,21,S. Al Faraj,
D,SAU,نيوم,10,Y. Al Shanqeeti,
D,SAU,نيوم,3,Y. Gharwi,
