rank,player_en,team_ar,appearances,user_translation,player_id_count,player_ids,safe_to_write
201,Ahmed Nader Hawash,الشرقية إنبي,88,أحمد نادر حواش,1,384483,yes
202,Mohamed Fawzi,حرس الحدود,88,محمد فوزي,2,16972;395078,NO - COLLISION
203,A. Atef,زد,88,أحمد عاطف,3,196832;393210;610463,NO - COLLISION
204,Abdel Kader Yehia,غزل المحلة,88,عبد القادر يحيى,1,295626,yes
205,Yassin El Mallah,فاركو,88,ياسين الملاح,1,482332,yes
206,Ahmed Bahbah,منتخب السويس بتروجت,88,أحمد بحبح,1,17313,yes
207,Y. Kajai,اتحاد تواركة,88,ياسين كجاع,1,437201,yes
208,Z. Fati,اتحاد يعقوب المنصور,88,زكرياء فاتي,1,146341,yes
209,A. Mouloua,الفتح,88,عبد الإله مولوة,1,303519,yes
210,A. Boucheta,الوداد,88,أيمن بوشتة,1,294292,yes
211,Salem Rashid,اتحاد كلباء,88,سالم راشد,1,50351,yes
212,Zayed Al Ameri,الجزيرة الإماراتي,88,زايد العامري,1,50356,yes
213,Allan,الوحدة الإماراتي,88,ألان,1,326,yes
214,Ali Al Hosani,عجمان,88,علي الحوسني,1,50430,yes
215,Ahmed Ayman,الاتحاد السكندري,87,أحمد أيمن,3,16975;17327;640516,NO - COLLISION
216,Mahmoud El Gazzar,البنك الأهلي,87,محمود الجزار,1,17026,yes
217,Hazem Mohamed,حرس الحدود,87,حازم محمد,1,475725,yes
218,Aly Lotfy,زد,87,علي لطفي,1,16798,yes
219,Sameh Ibrahim,زد,87,سامح إبراهيم,1,303215,yes
220,Arthur Justice,سيراميكا كليوباترا,87,جاستيس أرثر,1,376490,yes
221,Ahmed El Arabi,غزل المحلة,87,أحمد العربي,1,16909,yes
222,Hady Reyad,منتخب السويس بتروجت,87,هادي رياض,1,119874,yes
223,A. Lamirat,أولمبيك آسفي,87,أيوب لعميرات,1,335383,yes
224,H. Doughmi,الشباب السالمي,87,حمزة الدغمي,1,310402,yes
225,S. El Moudane,حسنية أكادير,87,سفيان المودن,1,61353,yes
226,Y. El Hannach,الشمال,87,يونس الحناش,1,336655,yes
227,O. Keita,البطائح,87,عمر كيتا,1,339447,yes
228,U. Meleke,البطائح,87,أولريش ميليكي,1,83438,yes
229,Al Hassan Saleh,الشارقة,87,الحسن صالح,2,50263;50487,NO - COLLISION
230,Mansour Saleh,الوحدة الإماراتي,87,منصور صالح,1,291347,yes
231,Youssouf Niakate,بني ياس,87,يوسف نياكاتي,1,8971,yes
232,T. Mohamed,الأهلي المصري,86,طاهر محمد طاهر,3,16937;493330;498004,NO - COLLISION
233,Abdel Karim Mostafa,الإسماعيلي,86,عبد الكريم مصطفى,1,456458,yes
234,Abdallah El-Said,الزمالك,86,عبد الله السعيد,1,16838,yes
235,Mohamed Naser,الشرقية إنبي,86,محمد ناصر,1,341303,yes
236,Amer Amer,المقاولون العرب,86,عامر عامر,1,17087,yes
237,El Hany Soliman,سموحة,86,الهاني سليمان,1,16996,yes
238,Khaled Sobhy,سيراميكا كليوباترا,86,خالد صبحي,1,17032,yes
239,M. Amri,الفتح,86,مروان أمري,1,294319,yes
240,H. Manaout,نهضة بركان,86,هيثم منعوت,1,390389,yes
241,R. Hajji,نهضة بركان,86,رضا حجي,1,283435,yes
242,A. El Hamzaoui,يوسفية برشيد,86,أمين الحمزاوي,2,437204;535222,NO - COLLISION
243,Yousef Saaed Ahmed,الغرافة,86,يوسف سعيد أحمد,1,308915,yes
244,Ivonei,البطائح,86,إيفوني,1,133181,yes
245,Rashed Omar,النصر الإماراتي,86,راشد عمر,1,50491,yes
246,Soufiane Bouftini,الوصل,86,سفيان بوفتيني,2,36609;568534,NO - COLLISION
247,A. Camara,خورفكان,86,أبوبكر كامارا,1,373302,yes
248,Abdullah Al Junaibi,عجمان,86,عبد الله الجنيبي,1,50510,yes
249,Amr El Soleya,الأهلي المصري,85,عمرو السولية,1,2657,yes
250,Mohamed El-Shenawy,الأهلي المصري,85,محمد الشناوي,1,16797,yes
251,Omar El Saaiy,الإسماعيلي,85,عمر الساعي,1,384478,yes
252,Ahmed Abdel Rasoul,الجونة,85,أحمد عبد الرسول,1,17191,yes
253,Mohamed Alaa,الجونة,85,محمد علاء,2,498250;676570,NO - COLLISION
254,Islam Ateia,المصري,85,إسلام عطية,1,16888,yes
255,Mohamed Camacho,طلائع الجيش,85,محمد كاماتشو,1,295637,yes
256,Z. Eddib,النادي المكناسي,85,زكرياء الذيب,1,484770,yes
257,A. El Bajjani,نهضة الزمامرة,85,أيوب البجاني,1,486824,yes
258,I. Zidani,نهضة الزمامرة,85,إبراهيم زيداني,1,494565,yes
259,J. Ajako,نهضة الزمامرة,85,جيمس أجاكو,1,338140,yes
260,R. Akonnor,الجزيرة الإماراتي,85,ريتشارد أكونور,2,401646;579542,NO - COLLISION
261,Rúben Canedo,الوحدة الإماراتي,85,روبن كانيدو,1,163218,yes
262,E. Traoré,الإسماعيلي,84,إريك تراوري,1,16845,yes
263,Sobhi Soliman,الاتحاد السكندري,84,صبحي سليمان,1,301698,yes
264,K. Chimezie,الداخلية,84,كيليتشي شيميزين,1,315484,yes
265,Emeka Eze,حرس الحدود,84,إيميكا إيزي,1,16890,yes
266,Godwin Okwara,طلائع الجيش,84,جودوين أوكوارا,1,292994,yes
267,Y. Kordani,أولمبيك آسفي,84,ياسين الكرداني,1,337444,yes
268,M. Ounajem,الوداد,84,محمد أوناجم,1,36552,yes
269,Y. El Motie,الوداد,84,يوسف المطيع,1,294703,yes
270,Y. Faffa,نهضة الزمامرة,84,يونس فافا,1,492578,yes
271,H. El Moussaoui,نهضة بركان,84,حمزة الموساوي,1,36725,yes
272,Ahmad Al Sebai,الأهلي,84,أحمد السباعي,1,42070,yes
273,Khaled Tawhid,الشارقة,84,خالد توحيد,1,359742,yes
274,Felipe Motta,النصر الإماراتي,84,فيليبي موتا,1,402356,yes
275,Omar El Saeey,الإسماعيلي,83,عمر الساعي,1,384478,yes
276,Ahmed Said,البنك الأهلي,83,أحمد سعيد,1,17144,yes
277,Rafik Kabou,الشرقية إنبي,83,رفيق كابو,1,49642,yes
278,Abderrahim Deghmoum,المصري,83,عبد الرحيم دغموم,1,4479,yes
279,Ahmed Abdel Naby,زد,83,أحمد عبد النبي,1,379614,yes
280,Ahmed Hakam,سموحة,83,أحمد حكم,1,354804,yes
281,Mohamed Essam,سموحة,83,محمد عصام,2,108463;395532,NO - COLLISION
282,A. Kendouci,سيراميكا كليوباترا,83,أحمد قندوسي,1,4496,yes
283,A. Diarra,أولمبيك آسفي,83,عبدولاي ديارا,1,152496,yes
284,K. Baba,الدفاع الحسني,83,كينغسلي بابا,1,302984,yes
285,C. Faidi,الفتح,83,شرف الدين فايدي,1,338553,yes
286,M. Goullous,النادي المكناسي,83,المهدي القلوص,1,380729,yes
287,Yazan Naim,الأهلي,83,يزن نعيم,2,42171;542545,NO - COLLISION
288,Ismaeel Mohammad,الدحيل,83,إسماعيل محمد,1,42088,yes
289,Lucas Veríssimo,الدحيل,83,لوكاس فيريسمو,1,9991,yes
290,A. Mohamed,السيلية,83,أحمد محمد,6,182424;269278;384484;410133;534120;631657,NO - COLLISION
291,Mohamed Abdallah,الشحانية,83,محمد عبد الله,3,268409;428225;546978,NO - COLLISION
292,Mahdi Salem,الشمال,83,مهدي سالم,1,409490,yes
293,Simo,العربي,83,سيمو,2,349397;534036,NO - COLLISION
294,S. Sano,الغرافة,83,سيدو سانو,1,408219,yes
295,S. Ghoddos,اتحاد كلباء,83,سامان قدوس,1,2699,yes
296,I. Lagrimi,الجزيرة الإماراتي,83,إبراهيم لاغريمي,1,409735,yes
297,M. Rabii,الجزيرة الإماراتي,83,محمد ربيعي,1,158591,yes
298,Hussain Mahdi,النصر الإماراتي,83,حسين مهدي,1,101662,yes
299,Jadsom,الوحدة الإماراتي,83,جادسوم,1,80539,yes
300,Ali Al Dhanhani,دبا الحصن,83,علي الظنحاني,1,50262,yes
301,P. Tau,الأهلي المصري,82,بيرسي تاو,1,3295,yes
302,Khaled Abdelfattah,الأهلي المصري,82,خالد عبد الفتاح,1,181901,yes
303,Ahmed Yasser,البنك الأهلي,82,أحمد ياسر,3,16907;42064;629409,NO - COLLISION
304,Ayman Ashraf,البنك الأهلي,82,أيمن أشرف,1,16801,yes
305,Sayed Abdallah,البنك الأهلي,82,سيد عبد الله,1,342789,yes
306,H. Ibrahim,الجونة,82,حسام إبراهيم,3,273044;408358;639374,NO - COLLISION
307,Shikabala,الزمالك,82,شيكابالا,1,26984,yes
308,Hussein Al Sayed,المصري,82,حسين السيد,1,44566,yes
309,Mohamed El Gabbas,بيراميدز,82,محمد الجباس,1,17150,yes
310,Ahmed Ghoneim,منتخب السويس بتروجت,82,أحمد غنيم,1,440654,yes
311,H. Malki,الدفاع الحسني,82,حمزة المالكي,2,437543;535289,NO - COLLISION
312,Y. Limouri,الشباب السالمي,82,يونس ليموري,2,144881;535291,NO - COLLISION
313,A. Mahir,الفتح,82,أيوب ماهر,1,193187,yes
314,A. Tahif,نهضة بركان,82,عادل طاهيف,1,287434,yes
315,O. Lamlaoui,نهضة بركان,82,أسامة اللمليوي,1,294303,yes
316,M. Maftah,نهضة بركان,82,محمد مفتاح,1,146782,yes
317,Yaser Al Blooshi,اتحاد كلباء,82,ياسر البلوشي,1,181136,yes
318,Khalifa Al Hammadi,الجزيرة الإماراتي,82,خليفة الحمادي,1,50340,yes
319,Harib Abdalla Suhail,شباب الأهلي,82,حارب عبد الله سهيل,1,181135,yes
320,I. Moumen,عجمان,82,إسماعيل مؤمن,1,367668,yes
321,Victor Henrique,عجمان,82,فيكتور هنريكي,1,475903,yes
322,Serge Aka,البنك الأهلي,81,سيرج أكا,1,17038,yes
323,M. Dahak,اتحاد تواركة,81,محمد ضحاك,1,457100,yes
324,R. Ait Lemkadem,اتحاد تواركة,81,رضوان آيت لمقدم,1,385465,yes
325,A. Hamza,المغرب الفاسي,81,أسامة حمزة,2,336148;353157,NO - COLLISION
326,Talal Abdulla Bahzad,الأهلي,81,طلال عبد الله بهزاد,1,181144,yes
327,Saad Al Sheeb,السد,81,سعد الشيب,1,2525,yes
328,Abdullah Murisi,العربي,81,عبد الله المريسي,1,42393,yes
329,M. Taabouni,العربي,81,محمد طابوني,1,36904,yes
330,Rabeh Boussafi,الوكرة,81,رابح بوسفي,1,42085,yes
331,Saif Hassan Al Mohanadi,معيذر,81,سيف حسن المهندي,1,42375,yes
332,Mohamed Al Junaibi,الظفرة,81,محمد الجنيبي,1,50393,yes
333,Kouame Kouadio,العين,81,كوامي كووديو,1,156202,yes
334,B. Diarra,الوحدة الإماراتي,81,بادارا ديارا,1,293313,yes
335,Adel Subeel,خورفكان,81,عادل سبيل,1,50699,yes
336,P. Mboungou,عجمان,81,بريستيج مبونغو,1,102687,yes
337,Amr El Saadawy,المصري,80,عمرو السعداوي,1,17027,yes
338,Hossam Greisha,المصري,80,حسام جريشة,1,17314,yes
339,M. Diawara,طلائع الجيش,80,موسى دياوارا,1,17116,yes
340,Farid Shawki,طلائع الجيش,80,فريد شوقي,1,16896,yes
341,Mostafa El Gamal,منتخب السويس بتروجت,80,مصطفى الجمل,1,17102,yes
342,A. Kassak,أولمبيك آسفي,80,أسامة كاساك,1,294321,yes
343,Y. Bammou,اتحاد تواركة,80,ياسين بامو,1,21647,yes
344,A. Baadi,الرجاء,80,عبد الكريم باعدي,1,2705,yes
345,Y. Belammari,الرجاء,80,يوسف بلعمري,1,146772,yes
346,M. Morabit,نهضة بركان,80,محمد المرابط,1,152476,yes
347,Rafa Mújica,السد,80,رافا موجيكا,1,135333,yes
348,M. Omar,الشمال,80,محمد عمر,1,383168,yes
349,Mohammed Al Bakri,الوكرة,80,محمد البكري,1,2524,yes
350,Salim Rashid Obaid,اتحاد كلباء,80,سالم راشد عبيد,1,295968,yes
