player_id,name_en_db,league,club,team_id,goals,seasons,name_ar_proposed,confidence,sources_note
167800,A. Sulieman,EGY,Kahraba Ismailia,20458,11,2025-2025,,low,علي سليمان ورد فقط في ملخص البحث بلا رابط عربي؛ مصادر إنجليزية فقط
39294,F. Boli,EGY,Wadi Degla,1046,9,2025-2025,فرانك بولي,medium,Goal.com عربي (عنوان الملف) مصدر واحد؛ وادي دجلة مؤكد
151745,M. Hammouda,EGY,Ghazl El Mehalla,13819,9,2024-2024,,not_found,Mohamed Ali Ben Hammouda (غزل المحلة، سبتمبر 2024) إنجليزي؛ لا اسم عربي في أي عنوان
53918,O. Dabbagh,EGY,Zamalek SC,1040,9,2025-2025,عدي الدباغ,high,CNN عربي+ويكيبيديا+FilGoal+365Scores
4436,R. Hamroune,EGY,Pharco,15736,9,2022-2023,,not_found,البحث لم يعثر على مهاجم بهذا الاسم في فاركو (نتائج لاعبَين جناحين غير مرتبطين)
2947,A. Maâloul,EGY,Al Ahly,1577,8,2022-2022,علي معلول,high,ويكيبيديا+سكاي نيوز+beIN+الشرق الأوسط؛ الأهلي 2016-2024
17153,I. Ndiaye,EGY,Zamalek SC,1040,8,2022-2023,,not_found,إبراهيما نداي: مصدر عربي واحد ضعيف (صفحة فيسبوك شخصية) فقط
301380,B. Moussa,EGY,Petrojet,1041,7,2025-2026,بدر موسى,high,365Scores+عناوين يوتيوب/فيسبوك؛ بتروجت 2025/26
2962,F. Chaouat,EGY,Ismaily SC,1030,7,2022-2022,فراس شواط,high,الأهرام+العين+ysscores+اليوم السابع؛ الإسماعيلي (الفترة 2022 غير منصوص عليها صراحة)
550391,S. Awujoola,EGY,Ceramica Cleopatra,14651,7,2025-2026,صديق أوجولا,high,FilGoal+365Scores+الدستور+موقع سيراميكا الرسمي؛ الشرق رياضة: سوديق. ملاحظة: يبدو أنه نفسه S. Ougola (#4)
106709,E. S. Shika M.,EGY,Kahraba Ismailia,20458,6,2025-2025,محمد السيد شيكا,high,FilGoal (الاسم الكامل)؛ اليوم السابع وبطولات: محمد شيكا؛ كهرباء الإسماعيلية 2025
303216,Rashad Metwally,EGY,Petrojet,1041,6,2024-2024,رشاد المتولي,high,FilGoal+اليوم السابع+تليجراف مصر؛ بتروجت حتى 2025. نفس pid 303216 لـR. El Metwaly (مودرن سبورت/Future)
339861,A. Randrianantenaina,EGY,El Gouna FC,1574,5,2023-2025,,not_found,لا اسم عربي (الاسم الإنجليزي Arnaud Randrianantenaina؛ تشير المصادر لنكتة الـ17 حرفاً بلا كتابته)
16926,Abdelrahman Khaled,EGY,El Mokawloon,1575,5,2022-2022,عبد الرحمن خالد,high,يلاكورة+عدة عناوين يوتيوب؛ المقاولون العرب 2022
588675,G. Chukwudi,EGY,Petrojet,1041,5,2024-2025,جبريل شيكودي,high,الشرق رياضة+بطولات+FilGoal؛ بتروجت
49617,I. Jelassi,EGY,AL Masry,1031,5,2022-2022,إلياس الجلاصي,high,اليوم السابع+هسبريس+intikalat؛ المصري البورسعيدي 2022-23
297773,J. Ojera,EGY,El Mokawloon,1575,5,2023-2025,جواكيم أوجيرا,high,اليوم السابع+بطولات؛ المقاولون العرب
525834,M. Diasty,EGY,Wadi Degla,1046,5,2025-2025,محمود الدياسطي,medium,الوطن+البلد+البوابة: الدياسطي؛ 365Scores وysscores: دياسطي
294835,M. Temine,EGY,AL Masry,1031,5,2025-2025,,not_found,لا اسم عربي (Mounder Temine؛ مصدر عربي بلا كتابة الاسم)
265817,N. Gradišar,EGY,Al Ahly,1577,5,2024-2024,نيتس غراديشار,medium,ويكيبيديا: نيتس غراديشار؛ العين: نيجك؛ يلاكورة/كووورة: جراديشار
303216,R. El Metwaly,EGY,Future FC,16431,5,2025-2025,رشاد المتولي,high,نفس pid 303216 كـ#11؛ الفريق Future FC = مودرن سبورت حسب FilGoal
106135,Saif Terry,EGY,Pharco,15736,5,2022-2023,سيف تيري,high,ويكيبيديا+FilGoal+365Scores+بوابة فيتو؛ فاركو 2021-2025
628633,A. Abdallah,EGY,Enppi,1037,4,2025-2025,,not_found,لم يتحدد لاعب إنبي؛ النتائج تخص أقطاي عبدالله (الزمالك/الإسماعيلي) بلا مطابقة للنادي
498565,A. Farouk,EGY,Wadi Degla,1046,4,2025-2025,أحمد فاروق,high,اليوم السابع+FilGoal+الدقهلية نيوز+أفريكا توب؛ وادي دجلة 2025
3049,A. Kyambadde,EGY,El Dakhleya,1032,4,2022-2023,,not_found,ويكيبيديا: ألان كيامبادي (إكسبريس) — لا تأكيد للداخلية/الفترة
24811,A. Modeste,EGY,Al Ahly,1577,4,2023-2023,أنتوني موديست,high,بطولات+وين وين؛ ويكيبيديا: أنطوني؛ الأهلي 2023-24
8918,T. Tissoudali,UAE,Khorfakkan,4912,16,2024-2025,طارق تيسودالي,high,الإمارات اليوم+الاتحاد+FilGoal+ويكيبيديا+365Scores؛ خورفكان
1221,S. Azmoun,UAE,Shabab Al Ahli Dubai,2870,15,2024-2026,سردار أزمون,high,خليج تايمز+الإمارات اليوم+الخليج+FilGoal+365Scores؛ شباب الأهلي
30462,M. Gabbiadini,UAE,Al Nasr,10155,14,2023-2024,مانولو غابياديني,high,الإمارات اليوم+ويكيبيديا؛ 365Scores: جابياديني؛ النصر 2023
18834,A. Yarmolenko,UAE,Al Ain,2865,11,2022-2022,أندري يارمولينكو,medium,الاسم الأول من مصدر واحد (البلد)؛ اللقب «يارمولينكو» متفق عليه بين كووورة/AFC/وين وين
48698,T. Seferi,UAE,Baniyas SC,2877,11,2023-2023,,not_found,الاسم الإنجليزي Taulant Seferi (بني ياس 2023-24)؛ لا تهجئة عربية
19027,N. Kebano,UAE,Al-Jazira,2871,10,2023-2024,نيسكينز كيبانو,high,ويكيبيديا+كووورة 365+رابطة المحترفين؛ 365Scores: نيكسنيس
579543,R. Marciano,UAE,Ajman,2879,10,2023-2024,,not_found,لم يُعثر على لاعب بهذا الاسم لعجمان
20674,S. Banza,UAE,Al-Jazira,2871,10,2025-2026,سيمون بانزا,high,Foot Africa+الكأس+365Scores؛ الجزيرة 2025
6659,T. Chancalay,UAE,Al-Wasl FC,2872,9,2022-2022,توماس شانكالاي,medium,رابطة المحترفين الإماراتية الرسمية؛ دبي الرياضية: شانكلاي
53722,A. Vombergar,UAE,Al-Ittihad Kalba,2876,8,2023-2023,أندريس فومبرجار,high,ويكيبيديا+ysscores؛ اتحاد كلباء 2023
307244,E. H. Rahimi,UAE,Al Ain,2865,8,2025-2026,الحسين رحيمي,medium,365Scores (مصدر واحد)؛ نفس pid 307244 لـH. Rahimi (الرجاء)
2102,M. Kosanović,UAE,Ajman,2879,8,2024-2024,ميلوش كوسانوفيتش,high,FilGoal+ويكيبيديا+365Scores+Aiscore؛ عجمان
3403,P. Kunde,UAE,Dibba Al Hisn,9140,7,2024-2024,,not_found,لم يُعثر على لاعب بهذا الاسم لدبا الحصن
50353,Abdalla Ramadan,UAE,Al-Jazira,2871,6,2022-2023,عبدالله رمضان,high,وام+FilGoal+365Scores+وين وين+دبي الرياضية؛ ويكيبيديا ورابطة المحترفين: عبد الله
44580,F. Kiss,UAE,Al-Ittihad Kalba,2876,6,2022-2023,,not_found,لم يُعثر على لاعب بهذا الاسم في كلباء
41683,Fábio Abreu,UAE,Khorfakkan,4912,6,2022-2022,فابيو أبرو,high,FilGoal+دبي الرياضية+الاتحاد؛ ويكيبيديا: آبرو؛ خورفكان 2022
41101,João Novais,UAE,Al Bataeh,9136,6,2022-2022,جواو نوفايس,high,البيان+ويكيبيديا+FilGoal+الخليج؛ البطائح 2022
29781,M. Ghaedi,UAE,Al-Ittihad Kalba,2876,6,2023-2023,,not_found,مكرر من #7 بالدفعة الأولى (Mehdi Ghayedi، pid 29781) — لا تهجئة عربية
50392,Mohamed Rashid Alhammadi,UAE,Al Bataeh,9136,6,2023-2023,محمد راشد الحمادي,medium,365Scores (مصدر واحد)؛ ويكيبيديا تذكر «محمد الحمادي» ضمن لاعبي البطائح
14491,R. Miérez,UAE,Al-Jazira,2871,6,2024-2024,رامون ميريز,high,البيان+ويكيبيديا+اليوم السابع+إرم+365Scores؛ الجزيرة 2024-25
50396,Sebastián Tagliabúe,UAE,Al Wahda FC,2875,6,2022-2022,سباستيان تيجالي,high,Goal.com+الوحدة الرسمي+365Scores؛ ويكيبيديا وSPL: تيغالي
378852,Serginho,UAE,Al-Wasl FC,2872,6,2025-2026,سيرجينيو,high,الإمارات اليوم+كووورة+الدستور+الكأس+إرم+24؛ الوصل 2025-26
50423,Suhail Al Noobi,UAE,Baniyas SC,2877,6,2022-2024,سهيل النوبي,high,البيان+الإمارات اليوم+FilGoal+ويكيبيديا+365Scores+إلسبورت؛ الشرق رياضة: سهيل أحمد النوبي؛ بني ياس
49622,A. Zouhir,UAE,Al Wahda FC,2875,5,2022-2026,علاء الدين زهير,high,يلاكورة+وين وين+ويكيبيديا+365Scores+كورابيا+الكأس؛ الوحدة منذ 2020
506385,Y. Dahmani,MAR,UTS Rabat,14806,14,2024-2025,يونس الدحماني,high,جريدة المنتخب (مرتان)؛ 365Scores: دحماني؛ اتحاد تواركة 2024-25
535198,M. Balouk,MAR,Yacoub El Mansour,25058,13,2025-2025,المهدي بالوق,high,هبة سبور (الاسم الكامل)+المنتخب: بالوق؛ البطولة: بالوك
307244,H. Rahimi,MAR,Raja Casablanca,976,11,2024-2024,الحسين رحيمي,medium,مكرر من E. H. Rahimi (نفس pid 307244)؛ 365Scores مصدر واحد
36658,I. Dayo,MAR,Renaissance Berkane,962,11,2023-2024,إيسوفو دايو,high,SNRT+ويكيبيديا+المنتخب؛ الشرق رياضة وكود: يوسوفو؛ نهضة بركان
484771,A. El Mahraoui,MAR,CODM Meknès,22218,10,2024-2024,أنس المهراوي,medium,الاسم الأول من ملخص صفحة واحدة (أحداث)؛ العناوين تذكر «مهراوي» فقط
383194,C. Samaké,MAR,Olympique Safi,975,9,2023-2024,شيخنا ساماكي,high,أنباء تي في+البطولة: ساماكي؛ هسبورت: سماكي؛ هسبريس: صماكي؛ أولمبيك آسفي
270977,H. Darai,MAR,Moghreb Tetouan,965,9,2024-2024,,not_found,لم يُعثر على لاعب بهذا الاسم للمغرب التطواني
36694,L. Diakité,MAR,FAR Rabat,969,9,2023-2023,لامين دياكيتي,high,البطولة+InfoSports+عناوين يوتيوب؛ الجيش الملكي حتى يوليو 2024
20675,M. Chouiar,MAR,Renaissance Berkane,962,9,2025-2025,منير شويعر,high,ويكيبيديا+كووورة+365Scores+سبورت7+هبة سبور؛ نهضة بركان
303485,T. Bentayeb,MAR,UTS Rabat,14806,9,2023-2023,,not_found,«توفيق بنطيب» من منشور فيسبوك واحد فقط (برلمان سبور)
357167,Y. Najjari,MAR,Olympique Safi,975,9,2023-2023,,not_found,اللقب «النجاري» مؤكد (آسفي) لكن الاسم الأول غير مثبت بمصدر
303486,E. Maouhoub,MAR,Raja Casablanca,976,8,2023-2023,,not_found,لم يُعثر على مهاجم بهذا الاسم للرجاء
548,H. Ziyech,MAR,Wydad AC,968,8,2025-2025,حكيم زياش,high,الإمارات اليوم+FilGoal+فرانس 24+هسبريس+365Scores؛ الوداد 2025-26
36701,N. Zerhouni,MAR,Raja Casablanca,976,8,2023-2024,نوفل الزرهوني,high,الشرق رياضة+ويكيبيديا+FilGoal+365Scores+هسبورت؛ الرجاء
36578,A. Nanah,MAR,FUS Rabat,977,7,2023-2023,,not_found,«أيوب نناح» من ملخص بلا رابط واضح؛ لا مصدر عربي مؤكد
306979,H. Igamane,MAR,FAR Rabat,969,7,2023-2023,حمزة إكمان,medium,ويكيبيديا+العربي الجديد+كووورة: إكمان؛ كووورة/جورنال سبور: إيغمان؛ العمق: إيكامان
124093,T. Orebonye,MAR,FAR Rabat,969,7,2023-2024,توميسانج أوريبوني,high,FilGoal+والو+هسبريس (أوريبوني)؛ 365Scores: طومي سونك؛ الجيش الملكي
535247,A. Bennadi,MAR,Olympique Dcheïra,3454,6,2025-2025,,not_found,لم يُعثر على اسم عربي مؤكد للاعب الدشيرة
190570,K. Aït Ouarkhane,MAR,FAR Rabat,969,6,2023-2024,خالد آيت أورخان,high,FilGoal+ويكيبيديا+هسبورت+المنتخب+البطولة؛ الجيش الملكي
36688,M. Saoud,MAR,Ittihad Tanger,974,6,2023-2025,,not_found,اللقب «ساعود» مؤكد (اتحاد طنجة) لكن الاسم الأول غير مثبت
269352,S. Benyachou,MAR,FUS Rabat,977,6,2024-2025,صلاح الدين بنيشو,medium,وين وين (الاسم الكامل)+Le360 (بنيشو)؛ الفترة 2024-25 غير منصوص عليها
3290,T. Lorch,MAR,Wydad AC,968,6,2024-2025,تيمبينكوسي لورش,high,لوسيت أنفو+كورة: تيمبينكوسي؛ الشرق رياضة: ثيمبينكوسي؛ هسبريس: لورش؛ الوداد
152426,A. Lakhal,MAR,Moghreb Tetouan,965,5,2024-2024,,not_found,لم يُعثر على لاعب بهذا الاسم للمغرب التطواني
36981,P. van Amersfoort,QAT,Al Shahaniya,2893,19,2024-2025,بيل فان أمرسفورت,medium,ysscores (مصدر واحد)؛ الشحانية منذ يوليو 2024 مؤكد بالإنجليزي
21106,A. Mance,QAT,UMM Salal,2899,16,2024-2025,أنطونيو مانسيه,high,مؤسسة QSL+الكأس: مانسيه؛ ويكيبيديا: مانسي؛ الوطن: منسي؛ أم صلال
3037,B. Malango,QAT,Qatar SC,2907,14,2022-2024,بن مالانجو,high,بطولات+يوتيوب؛ ويكيبيديا: بين مالونغو؛ هسبورت: بين مالانغو؛ نادي قطر
213947,Yazan Al Naimat,QAT,Al Ahli Doha,2896,13,2022-2023,يزن النعيمات,high,ويكيبيديا+اليوم السابع+الوطن+البلد؛ الأهلي القطري 2023-24
41627,K. Gorré,QAT,UMM Salal,2899,12,2023-2024,كينجي جوري,medium,ويكيبيديا (مصدر عربي واحد)؛ موقع أم صلال الرسمي بالإنجليزي
48312,C. Strandberg,QAT,Al-Sailiya,2898,11,2022-2022,كارلوس ستراندبيرغ,high,ويكيبيديا+أرابيكا+الرياضة؛ القاهرة 24: ستراندبيرج؛ سبوتنيك: ستراندبرغ؛ السيلية (كأس قطر 2021-22)
185477,Rodri,QAT,Al-Arabi SC,2905,11,2024-2025,رودري,high,وين وين (صفحتان)+موقع العربي؛ العربي منذ سبتمبر 2024
2056,P. Sarabia,QAT,Al-Arabi SC,2905,10,2025-2026,بابلو سارابيا,high,وين وين+العربية+وكالة الأنباء القطرية+كووورة+إلسبورت؛ العربي 2025-26
439192,R. Berkane,QAT,Al Wakrah,2900,10,2025-2026,رضوان بركان,high,ويكيبيديا+بطولات+إنترنيوز+أفريكا توب+أوراس؛ الوكرة 2025-26
1651,K. Piatek,QAT,Al-Duhail SC,2904,9,2025-2025,كريستوف بياتيك,high,الشرق+وين وين+كووورة+موقع الدحيل+365Scores؛ الدحيل 2025
36982,M. Vlap,QAT,Al Ahli Doha,2896,9,2025-2025,ميشيل فلاب,high,وكالة الأنباء القطرية+ysscores+الهداف؛ الأهلي القطري 2025-26
542527,R. Mujica,QAT,Al Sadd,2895,9,2025-2025,رافا موخيكا,high,الأهرام+الشرق+العربي الجديد+AFC+FilGoal+beIN؛ السد 2024-2026
41368,Tabata,QAT,Qatar SC,2907,9,2023-2023,برونو تاباتا,high,FilGoal+وكالة الأنباء القطرية+الشرق؛ نادي قطر حتى أغسطس 2024
16369,G. Plata,QAT,Al Sadd,2895,8,2023-2023,غونزالو بلاتا,high,وين وين+الكأس+إلسبورت؛ وين وين (صفحة اللاعب): جونزالو؛ السد 2023-24
29743,M. Mohammadi,QAT,Al-Sailiya,2898,8,2022-2022,مهرداد محمدي,high,FilGoal+وكالة الأنباء القطرية+كووورة+ويكيبيديا؛ السيلية بعد العربي (سبتمبر 2022)
104797,Erik Expósito,QAT,Al Ahli Doha,2896,7,2024-2024,إريك إكسبوسيتو,high,ويكيبيديا+وكالة وادي النيل؛ الشرق: إكسبوزيتو؛ الأهلي القطري
142783,F. Antonucci,QAT,Al Shahaniya,2893,7,2024-2026,,not_found,اللقب «أنتونوتشي» مؤكد (الشحانية) لكن الاسم الأول غير مثبت بمصدر عربي
1783,S. Hanni,QAT,Al-Khor,2901,7,2024-2024,,not_found,لا مصدر عربي مؤكد لنادي الخور/الفترة
81123,Tiago,QAT,Muaither SC,2902,7,2023-2023,,not_found,لم يُعثر على لاعب بهذا الاسم لمعيذر (نتائج لـIgor Thiago غير مرتبط)
36543,A. El Hassouni,QAT,Muaither SC,2902,6,2023-2023,أيمن الحسوني,high,FilGoal+ويكيبيديا+هسبريس+إنفو سبورتس+المنتخب؛ معيذر صيف 2023
534032,Ali,QAT,Al-Sailiya,2898,6,2025-2025,,not_found,اسم مفرد غامض؛ لم يُبحث لاستحالة تمييزه
2206,B. Bourigeaud,QAT,Al-Duhail SC,2904,6,2024-2025,بنجامين بوريجو,high,الشرق+FilGoal+ويكيبيديا+موقع الدحيل+الكأس؛ الدحيل 2024-25
,Faisal Abdulwahed,SAU,Al-Fateh,2931,1,2026-2026,فيصل العبد الواحد,medium,الشرق رياضة+ويكيبيديا: العبد الواحد؛ 365Scores: العبدالواحد؛ FilGoal: عبد الواحد؛ الفتح (الفترة 2026 غير مؤرَّخة)
,Iker Kortajarena Canellada,SAU,Al Kholood,10509,1,2026-2026,إيكر كورتاخارينا,medium,الرياضية (عنوان خاص بالخلود): كورتاخارينا؛ الشرق رياضة: كورتاهارينا
,Kader Keita,SAU,Al Riyadh,10511,1,2026-2026,,not_found,اللقب «كيتا» فقط بالعربية (الرياضية)؛ الاسم الأول غير مثبت
,Mohammed Hamad Al-Qahtani,SAU,Al-Qadisiyah FC,2933,1,2026-2026,محمد حمد القحطاني,medium,FilGoal (الاسم الكامل)؛ بقية المصادر: محمد القحطاني؛ القادسية منذ يوليو 2026
,Muhanad Al Saad,SAU,NEOM,10513,1,2026-2026,مهند آل سعد,high,ويكيبيديا+الشرق الأوسط (عدة مقالات)+كووورة+الرياضية+حساب نيوم الرسمي
