player_id,name_en_db,name_en_full,league,club,name_ar_proposed,source_url,quote,confidence,note
119966,Y. Annor,Yaw Annor,EGY,National Bank of Egypt,ياو أنور,https://www.filgoal.com/players/117416,ياو أنور - لاعب نادي البنك الأهلي,high,FilGoal+365Scores+Kooora+Btolat يتفقون
550400,Amr Nasser,Amr Nasser,EGY,Pharco,عمرو ناصر,https://www.filgoal.com/players/119043,في يناير 2024 انتقل إلى فاركو,high,الخليج+FilGoal+مصراوي+بطولات؛ انتقل للزمالك 2025
292994,G. Okwara,Godwin Chika Okwara,EGY,El Geish,جودوين شيكا أوكوارا,https://tribuna.com/ar/persons/godwin-chika-okwara/,جودوين شيكا أوكوارا — طلائع الجيش: مهاجم,medium,FilGoal وTribuna: جودوين؛ Goal.com: غودوين — الفترة 2023-24 غير مؤكدة بنص صريح
342755,S. Ougola,Sodiq Ougola,EGY,Ceramica Cleopatra,,,,not_found,الإنجليزي Sodiq Ougola (مصدر إنجليزي)؛ عربياً ظهر اللقب «أوغولا» فقط والاسم الأول غير محسوم
78752,A. Abang,Anatole Bertrand Abang,UAE,Al Bataeh,أناتولي أبانغ,https://alwasat.ly/news/libya-sports/507805,الاتحاد يعلن ضم الكاميروني أناتولي أبانغ لتعزيز الهجوم,high,الوسط+الغد+رابطة المحترفين؛ البطائح منذ 2021-22 حتى يناير 2026
,Omar Khrbin,Omar Maher Khribin,UAE,Al Wahda FC,عمر خريبين,https://www.albayan.ae/sports/football/999431,عمر خريبين يصل إلى الهدف رقم 90 في الدوري الإماراتي,high,البيان+الإمارات اليوم+بطولات+رابطة المحترفين؛ 365Scores: خربين
29781,M. Ghayedi,Mehdi Abdolhamid Ghayedi,UAE,Al-Ittihad Kalba,,https://www.fotmob.com/players/848314/mehdi-ghayedi,Mehdi Ghayedi ... Al Ittihad Kalba,not_found,الاسم الإنجليزي مؤكد (Mehdi Ghayedi، اتحاد كلباء) لكن لم يُعثر على تهجئة عربية
9366,Igor Jesus,Igor Jesus,UAE,Shabab Al Ahli Dubai,إيغور جيسوس,https://www.albayan.ae/sports/football/1039190,إيغور جيسوس نجم الشباب السابق,high,البيان+الإمارات اليوم: إيغور؛ دبي الرياضية: إيجور
,S. Benjdida,Soufiane Benjdida,MAR,Maghreb Fès,سفيان بنجديدة,https://www.hespress.com/%D8%B3%D9%81%D9%8A%D8%A7%D9%86-%D8%A8%D9%86%D8%AC%D8%AF%D9%8A%D8%AF%D8%A9-%D9%87%D8%AF%D8%A7%D9%81%D8%A7-%D9%84%D9%84%D8%A8%D8%B7%D9%88%D9%84%D8%A9-%D8%A8%D8%A7%D9%84%D9%85%D8%BA%D8%B1%D8%A8-1773072.html,سفيان بنجديدة هدافا للبطولة بالمغرب (20 هدفاً مع المغرب الفاسي),high,هسبريس+SNRT+ويكيبيديا+اليوم السابع؛ 20 هدفاً تطابق القاعدة
,Y. El Fahli,Youssef El Fahli,MAR,FAR Rabat,يوسف الفحلي,https://www.filgoal.com/players/133744,يوسف الفحلي - لاعب نادي الجيش الملكي,high,FilGoal+هسبورت+365Scores
,A. Mouloua,Ayoub Mouloua,MAR,FUS Rabat,أيوب مولوعة,https://www.aljazeera.net/sport/2026/9/16/%D8%A7%D9%84%D9%85%D8%BA%D8%B1%D8%A8%D9%8A-%D9%85%D9%88%D9%84%D9%88%D8%B9%D8%A9-%D8%A7%D9%84%D8%AF%D9%88%D8%B1%D9%8A-%D8%A7%D9%84%D8%A3%D8%B3%D9%83%D8%AA%D9%84%D9%86%D8%AF%D9%8A,المغربي مولوعة يسجل أول أهدافه في الدوري الأسكتلندي؛ مهاجم الفتح الرباطي,high,الجزيرة+365Scores+هسبريس: مولوعة؛ مغرب سبورت: مولوع
,B. Bello Ilou,Baba Bello Ilou,MAR,Hassania Agadir,بابا بيلو إيلو,https://agadir24.info/%D8%A7%D9%84%D8%B9%D9%8A%D9%86-%D8%A7%D9%84%D8%A7%D9%85%D8%A7%D8%B1%D8%A7%D8%AA%D9%8A-%D9%8A%D8%AD%D8%B3%D9%85-%D8%B5%D9%81%D9%82%D8%A9-%D8%A7%D9%84%D9%84%D8%A7%D8%B9%D8%A8-%D8%A8%D8%A7%D8%A8%D8%A7.html,العين الاماراتي يحسم صفقة اللاعب بابا بيلو المعار إلى حسنية أكادير,medium,الاسم الإنجليزي مؤكد (footmercato/fotmob)؛ العربي يتفاوت بين «بابا بيلو» و«بابا إيلو» و«إيلو»
2964,Y. Msakni,Youssef Msakni,QAT,Al-Arabi SC,يوسف المساكني,https://www.al-watan.com/article/179358,يوسف المساكني يغادر العربي,high,الوطن+beIN+الشروق+winwin+بابنت
50678,M. Benyettou,Mohamed Benyettou,QAT,Al Wakrah,محمد بن يطو,https://www.lequipedz.dz/2023/11/16/%D8%A8%D9%86-%D9%8A%D8%B7%D9%88-%D8%A3%D8%AD%D9%84%D9%85-%D8%A8%D9%85%D8%AC%D9%80%D9%80%D9%80%D9%80%D8%A7%D9%88%D8%B1%D8%A9-%D8%A8%D9%88%D9%86%D8%AC%D8%A7%D8%AD-%D9%88%D8%A8%D8%B1%D8%A7%D9%87%D9%8A%D9%85%D9%8A/,محمد بن يطو، هداف الوكرة (نوفمبر 2023),high,ليكيب DZ + فيديو فيسبوك؛ مصدران فقط
12764,Roger Guedes,Roger Guedes,QAT,Al-Rayyan SC,روجر غيديس,https://ar.wikipedia.org/wiki/%D8%B1%D9%88%D8%AC%D8%B1_%D8%BA%D9%8A%D8%AF%D9%8A%D8%B3,الريان يتمسك بنجمه روجر غيديس حتى 2027,high,ويكيبيديا+beIN+الكأس+elsport؛ مرسال قطر: جيديس
37191,O. Tannane,Oussama Tannane,QAT,UMM Salal,أسامة طنان,https://www.goal.com/en-us/player/o-tannane/FWSRPYCXAvKXInv7dgHW4,أسامة طنان لاعب نادي أم صلال,high,عدة مصادر (إنستغرام أم صلال، الكأس، winwin)؛ استُبعد افتراضي الأولي «عمر»
127769,Gabriel Martinelli,Gabriel Martinelli,SAU,Al-Hilal Saudi FC,غابرييل مارتينيلي,https://arabic.cnn.com/sport/article/2026/09/03/alhilal-announces-martinelli-signing-arsenal,الهلال السعودي يعلن التعاقد مع مارتينيلي (3 سبتمبر 2026),high,CNN عربي+العربية+beIN+الرياض
19366,Ollie Watkins,Ollie Watkins,SAU,Al-Hilal Saudi FC,أولي واتكينز,https://arabic.cnn.com/sport/article/2026/08/30/ollie-watkins-al-halil,أولي واتكينز ينضم إلى الهلال (30 أغسطس 2026),high,CNN عربي+الجزيرة+الشرق+إرم
,Angelo Borges,Ângelo Gabriel Borges Damaceno,SAU,Al-Nassr,أنجيلو بورجيس,https://www.365scores.com/ar/football/player/angelo-82773,أنجيلو بورجيس,medium,النادي والفترة مؤكدان (أهداف للنصر أغسطس-سبتمبر 2026)؛ الاسم العربي الكامل من مصدر واحد، والباقي «أنجيلو» فقط
,Darwin Nunez,Darwin Núñez,SAU,Al Diriyah,داروين نونيز,https://arabic.cnn.com/sport/article/2026/08/23/darwin-nunez-al-hilal-al-diriyah,نونيز ينتقل من الهلال إلى الدرعية (أغسطس 2026),high,CNN عربي+اليوم+يلاكورة+إرم
