player_id,player_en,team_id,team_en,old_ar,new_ar,goals,lineup_players,player_stats,events,total
,A. Alaaeldin,2897,Al-Rayyan SC,,أحمد علاء الدين,4,0,0,13,17
,A. Atef,1036,Pyramids FC,أحمد عاطف,أحمد عاطف قطة,1,0,0,7,8
,A. Kalosha,1037,Enppi,,أحمد خليل كالوشا,2,0,0,0,2
,Afsha,1572,Al Ittihad,,محمد مجدي أفشة,2,0,0,4,6
,Afsha,1577,Al Ahly,,محمد مجدي أفشة,1,0,0,1,2
,Agner Moura Izigethy de Souza,2874,Sharjah FC,,أغنير,1,0,0,1,2
,Ahmed Adel,1572,Al Ittihad,أحمد عادل,أحمد عادل ميسي,0,0,0,5,5
,Ahmed Adel,7520,Masr,أحمد عادل,أحمد عادل ميسي,0,0,0,4,4
,Ahmed Adel Messi,1572,Al Ittihad,,أحمد عادل ميسي,2,0,0,16,18
,Ahmed Adel Messi,7520,Masr,,أحمد عادل ميسي,1,0,0,5,6
,Ahmed Alaa,2903,Al-Gharafa,,أحمد علاء الدين,8,0,0,16,24
,Ahmed Alaa,2905,Al-Arabi SC,,أحمد علاء الدين,6,0,0,8,14
,Ahmed Alaaeldin,2897,Al-Rayyan SC,,أحمد علاء الدين,1,0,0,2,3
,Ahmed Alaaeldin,2903,Al-Gharafa,,أحمد علاء الدين,0,0,0,3,3
,Ahmed Alaaeldin,2905,Al-Arabi SC,,أحمد علاء الدين,0,0,0,5,5
,Ahmed Atef,1036,Pyramids FC,أحمد عاطف,أحمد عاطف قطة,3,0,0,28,31
,Ahmed Atef,1575,El Mokawloon,أحمد عاطف,أحمد عاطف قطة,0,0,0,7,7
,Ahmed Atef Otta,1575,El Mokawloon,,أحمد عاطف قطة,0,0,0,9,9
,Ahmed Atef Otta,7520,Masr,,أحمد عاطف قطة,1,0,0,8,9
,Ahmed Elkalamawy,1572,Al Ittihad,,أحمد عادل ميسي,1,0,0,17,18
,Ahmed Elkalamawy,7520,Masr,,أحمد عادل ميسي,0,0,0,1,1
,Ahmed Esho,1040,Zamalek SC,,أحمد عبد الرحيم إيشو,1,0,0,8,9
,Ahmed Kalosha,1037,Enppi,,أحمد خليل كالوشا,0,0,0,9,9
,Ahmed Kalousha,1037,Enppi,,أحمد خليل كالوشا,2,0,0,1,3
,Ahmed Khalil Kalousha,1037,Enppi,,أحمد خليل كالوشا,7,0,0,1,8
,Ahmed Magdy Kahraba,1574,El Gouna FC,,أحمد مجدي كهربا,2,0,0,3,5
,Ahmed Magdy Kahraba,18036,Baladiyyat Al Mehalla,,أحمد مجدي كهربا,0,0,0,8,8
,Antônio Fialho de Carvalho Neto,2876,Al-Ittihad Kalba,,أنطونيو نيتو,1,0,0,2,3
,Baba Bello Ilou,2865,Al Ain,,بابا بيلو,1,0,1,1,3
,Bobo,14651,Ceramica Cleopatra,,محمد رضا بوبو,1,0,0,2,3
,Cláudio Luiz Rodrigues Parise Leonel,2895,Al Sadd,,كلاودينيو,1,0,0,1,2
,Guilherme da Silva Goncalves,2870,Shabab Al Ahli Dubai,,غيليرمي بالا,1,0,0,1,2
,Halimo,1044,Smouha SC,محمود عبد الحليم,محمود عبد الحليم حليمو,0,0,0,2,2
,Halimo,15736,Pharco,محمود عبد الحليم,محمود عبد الحليم حليمو,1,0,0,9,10
,Iker Kortajarena Canellada,10509,Al Kholood,,إيكر كورتاخارينا,1,0,0,1,2
,Kahraba,1037,Enppi,محمود عبد المنعم,محمود كهربا,1,0,0,3,4
,Kahraba,1574,El Gouna FC,,أحمد مجدي كهربا,0,0,0,3,3
,Kahraba,1575,El Mokawloon,,أحمد مجدي كهربا,0,0,0,12,12
,Kahraba,1577,Al Ahly,محمود عبد المنعم,محمود كهربا,14,0,0,20,34
,Kahraba,18036,Baladiyyat Al Mehalla,,أحمد مجدي كهربا,0,0,0,3,3
,Kouame Autonne Kouadio,2865,Al Ain,,كوامي أوتون,0,0,0,17,17
,Kouame Kouadio,2865,Al Ain,,كوامي أوتون,5,0,0,6,11
,Lithierry da Silva Neves,2879,Ajman,,ليتيري,1,0,0,1,2
,M. Ouka,1576,Haras El Hodood,,محمود سيد أوكا,0,0,0,4,4
,M. Reda,1036,Pyramids FC,,محمد رضا بوبو,0,0,0,3,3
,Mabululo,1572,Al Ittihad,,كريستوفاو مابولولو,1,0,0,0,1
,Mabululu,1572,Al Ittihad,مابولولو,كريستوفاو مابولولو,26,0,0,38,64
,Mahmoud Abdel Halim,1044,Smouha SC,محمود عبد الحليم,محمود عبد الحليم حليمو,1,0,0,13,14
,Mahmoud Hassan El Halawani,16431,Future FC,,محمود الحلواني,1,0,0,0,1
,Mahmoud Kahraba,1037,Enppi,,محمود كهربا,2,0,0,4,6
,Mahmoud Ouka,1576,Haras El Hodood,,محمود سيد أوكا,0,0,0,10,10
,Mahmoud Sayed Okaa,1576,Haras El Hodood,,محمود سيد أوكا,2,0,0,3,5
,Mahmoud Sayed Okaa,7520,Masr,,محمود سيد أوكا,0,0,0,2,2
,Mahmoud Sayed okaa,1032,El Dakhleya,,محمود سيد أوكا,1,0,0,2,3
,Mahmoud Sayed okaa,1576,Haras El Hodood,,محمود سيد أوكا,0,0,0,5,5
,Marcus Vinicius Barbosa Meloni,2871,Al-Jazira,,ماركوس ميلوني,1,0,0,2,3
,Messi,7520,Masr,,أحمد عادل ميسي,1,0,0,14,15
,Mohamed Magdi Kafsha,1577,Al Ahly,محمد مجدي قفشة,محمد مجدي أفشة,9,0,0,21,30
,Mohamed Magdy Afsha,1572,Al Ittihad,,محمد مجدي أفشة,0,0,0,1,1
,Mohamed Magdy Afsha,1577,Al Ahly,,محمد مجدي أفشة,0,0,0,3,3
,Mohamed Reda,1036,Pyramids FC,محمد رضا,محمد رضا بوبو,1,0,0,10,11
,Mohamed Reda,16431,Future FC,محمد رضا,محمد رضا بوبو,4,0,0,14,18
,Nabil Donga,1040,Zamalek SC,نبيل دونغا,نبيل عماد دونجا,0,0,0,25,25
,Nabil Donga,2992,Al Najma,نبيل دونغا,نبيل عماد دونجا,0,0,0,8,8
,Nabil Emad Dunga,1040,Zamalek SC,,نبيل عماد دونجا,3,0,0,23,26
,Otta,1036,Pyramids FC,,أحمد عاطف قطة,0,0,0,1,1
,Renato Barbosa dos Santos Júnior,2872,Al-Wasl FC,,ريناتو جونيور,1,0,0,0,1
,Rostand Delord Menpweh Djooh,2873,Al-Dhafra,,روستاند ديلورد,1,0,0,1,2
,S. Abdallah,15570,National Bank of Egypt,,سيد عبد الله سيكا,1,0,0,6,7
,Sayed Abdallah,1040,Zamalek SC,,سيد عبد الله سيكا,0,0,0,2,2
,Sayed Abdallah,15570,National Bank of Egypt,,سيد عبد الله سيكا,0,0,0,3,3
,Sayed Abdallah Sika,1040,Zamalek SC,,سيد عبد الله سيكا,1,0,0,19,20
,Sayed Abdallah Sika,15570,National Bank of Egypt,,سيد عبد الله سيكا,0,0,0,3,3
,Tameem Al Abdullah,2897,Al-Rayyan SC,,تميم منصور مفتاح,1,0,0,5,6
,Tameem Mansour,2897,Al-Rayyan SC,,تميم منصور مفتاح,2,0,0,8,10
,Yasser Ibrahim Hanafi,1577,Al Ahly,,ياسر إبراهيم,1,0,0,0,1
,Zizo,1040,Zamalek SC,أحمد مصطفى,أحمد مصطفى زيزو,25,0,0,19,44
,Zizo,1577,Al Ahly,أحمد مصطفى,أحمد مصطفى زيزو,6,0,0,12,18
156202,Kouame Autonne Kouadio,2865,Al Ain,,كوامي أوتون,0,0,42,0,42
156202,Kouame Kouadio,2865,Al Ain,كوامي كووديو,كوامي أوتون,0,69,0,0,69
16843,Afsha,1572,Al Ittihad,,محمد مجدي أفشة,0,18,0,0,18
16843,Afsha,1577,Al Ahly,,محمد مجدي أفشة,0,11,0,0,11
16843,Mohamed Magdi Kafsha,1577,Al Ahly,محمد مجدي قفشة,محمد مجدي أفشة,0,87,3,0,90
16861,Kahraba,1032,El Dakhleya,محمود عبد المنعم,محمود كهربا,0,0,1,0,1
16861,Kahraba,1037,Enppi,محمود عبد المنعم,محمود كهربا,0,14,2,0,16
16861,Kahraba,1577,Al Ahly,محمود عبد المنعم,محمود كهربا,0,42,33,0,75
16861,Mahmoud Kahraba,1037,Enppi,,محمود كهربا,0,1,13,0,14
16871,Zizo,1040,Zamalek SC,أحمد مصطفى,أحمد مصطفى زيزو,0,68,40,0,108
16871,Zizo,1577,Al Ahly,أحمد مصطفى,أحمد مصطفى زيزو,0,25,25,0,50
17145,Bobo,14651,Ceramica Cleopatra,محمد رضا,محمد رضا بوبو,0,3,0,0,3
17145,M. Reda,1036,Pyramids FC,,محمد رضا بوبو,0,10,0,0,10
17145,M. Reda,14651,Ceramica Cleopatra,,محمد رضا بوبو,0,10,0,0,10
17145,Mohamed Reda,1036,Pyramids FC,محمد رضا,محمد رضا بوبو,0,24,34,0,58
17145,Mohamed Reda,14651,Ceramica Cleopatra,محمد رضا,محمد رضا بوبو,0,13,26,0,39
17145,Mohamed Reda,16431,Future FC,محمد رضا,محمد رضا بوبو,0,29,4,0,33
17333,Halimo,1044,Smouha SC,محمود عبد الحليم,محمود عبد الحليم حليمو,0,0,8,0,8
17333,Halimo,1575,El Mokawloon,محمود عبد الحليم,محمود عبد الحليم حليمو,0,0,1,0,1
17333,Halimo,15736,Pharco,محمود عبد الحليم,محمود عبد الحليم حليمو,0,17,17,0,34
17333,Mahmoud Abdel Halim,1044,Smouha SC,محمود عبد الحليم,محمود عبد الحليم حليمو,0,35,0,0,35
17333,Mahmoud Abdel Halim,1575,El Mokawloon,محمود عبد الحليم,محمود عبد الحليم حليمو,0,1,0,0,1
182429,Ahmed Adel,1572,Al Ittihad,أحمد عادل,أحمد عادل ميسي,0,0,28,0,28
182429,Ahmed Adel,7520,Masr,أحمد عادل,أحمد عادل ميسي,0,1,51,0,52
182429,Ahmed Adel Messi,1572,Al Ittihad,,أحمد عادل ميسي,0,25,0,0,25
182429,Ahmed Adel Messi,7520,Masr,,أحمد عادل ميسي,0,24,0,0,24
182429,Ahmed Elkalamawy,1572,Al Ittihad,,أحمد عادل ميسي,0,26,0,0,26
182429,Ahmed Elkalamawy,7520,Masr,,أحمد عادل ميسي,0,2,3,0,5
182429,Messi,7520,Masr,,أحمد عادل ميسي,0,27,0,0,27
195066,Tameem Al Abdullah,2897,Al-Rayyan SC,,تميم منصور مفتاح,0,0,10,0,10
195066,Tameem Mansour,2897,Al-Rayyan SC,,تميم منصور مفتاح,0,0,16,0,16
2542,A. Alaaeldin,2897,Al-Rayyan SC,,أحمد علاء الدين,0,24,0,0,24
2542,Ahmed Alaa,2897,Al-Rayyan SC,أحمد علاء,أحمد علاء الدين,0,1,2,0,3
2542,Ahmed Alaa,2903,Al-Gharafa,أحمد علاء,أحمد علاء الدين,0,31,0,0,31
2542,Ahmed Alaa,2905,Al-Arabi SC,أحمد علاء,أحمد علاء الدين,0,17,0,0,17
2542,Ahmed Alaaeldin,2897,Al-Rayyan SC,,أحمد علاء الدين,0,0,11,0,11
2542,Ahmed Alaaeldin,2903,Al-Gharafa,,أحمد علاء الدين,0,0,18,0,18
2542,Ahmed Alaaeldin,2905,Al-Arabi SC,,أحمد علاء الدين,0,0,16,0,16
2660,Nabil Donga,1040,Zamalek SC,نبيل دونغا,نبيل عماد دونجا,0,12,60,0,72
2660,Nabil Donga,2992,Al Najma,نبيل دونغا,نبيل عماد دونجا,0,12,12,0,24
282356,Tameem Al Abdullah,2897,Al-Rayyan SC,,تميم منصور مفتاح,0,13,0,0,13
282356,Tameem Mansour,2897,Al-Rayyan SC,,تميم منصور مفتاح,0,35,0,0,35
282356,Tameem Mansour,2900,Al Wakrah,,تميم منصور مفتاح,0,1,1,0,2
342789,S. Abdallah,15570,National Bank of Egypt,,سيد عبد الله سيكا,0,29,0,0,29
342789,Sayed Abdallah,1040,Zamalek SC,سيد عبد الله,سيد عبد الله سيكا,0,0,36,0,36
342789,Sayed Abdallah,15570,National Bank of Egypt,سيد عبد الله,سيد عبد الله سيكا,0,0,41,0,41
383421,Ahmed Esho,1040,Zamalek SC,,أحمد عبد الرحيم إيشو,0,26,29,0,55
391896,A. Kalosha,1037,Enppi,,أحمد خليل كالوشا,0,17,0,0,17
391896,Ahmed Kalosha,1037,Enppi,أحمد كالوشا,أحمد خليل كالوشا,0,1,87,0,88
391896,Ahmed Kalousha,1037,Enppi,,أحمد خليل كالوشا,0,23,0,0,23
391896,Ahmed Khalil Kalousha,1037,Enppi,,أحمد خليل كالوشا,0,67,2,0,69
393209,Mahmoud Ooka,1032,El Dakhleya,,محمود سيد أوكا,0,0,9,0,9
393209,Mahmoud Ooka,1036,Pyramids FC,,محمود سيد أوكا,0,0,6,0,6
393209,Mahmoud Ouka,1032,El Dakhleya,,محمود سيد أوكا,0,0,4,0,4
393209,Mahmoud Ouka,1576,Haras El Hodood,,محمود سيد أوكا,0,0,30,0,30
393209,Mahmoud Sayed okaa,1032,El Dakhleya,,محمود سيد أوكا,0,13,0,0,13
393209,Mahmoud Sayed okaa,1036,Pyramids FC,,محمود سيد أوكا,0,8,0,0,8
393209,Mahmoud Sayed okaa,1576,Haras El Hodood,,محمود سيد أوكا,0,19,0,0,19
393209,Mahmoud Sayed okaa,7520,Masr,,محمود سيد أوكا,0,2,3,0,5
393210,A. Atef,1036,Pyramids FC,أحمد عاطف,أحمد عاطف قطة,0,22,0,0,22
393210,Ahmed Atef,1036,Pyramids FC,أحمد عاطف,أحمد عاطف قطة,0,24,48,0,72
393210,Ahmed Atef,1575,El Mokawloon,أحمد عاطف,أحمد عاطف قطة,0,0,4,0,4
393210,Ahmed Atef,7520,Masr,أحمد عاطف,أحمد عاطف قطة,0,3,27,0,30
393210,Ahmed Atef Otta,1036,Pyramids FC,,أحمد عاطف قطة,0,2,2,0,4
393210,Ahmed Atef Otta,1575,El Mokawloon,,أحمد عاطف قطة,0,29,0,0,29
393210,Ahmed Atef Otta,7520,Masr,,أحمد عاطف قطة,0,25,0,0,25
393210,Otta,1036,Pyramids FC,,أحمد عاطف قطة,0,2,0,0,2
440669,Ahmed Magdy Kahraba,1574,El Gouna FC,,أحمد مجدي كهربا,0,24,0,0,24
440669,Ahmed Magdy Kahraba,1575,El Mokawloon,,أحمد مجدي كهربا,0,2,2,0,4
440669,Ahmed Magdy Kahraba,18036,Baladiyyat Al Mehalla,,أحمد مجدي كهربا,0,24,0,0,24
440669,Kahraba,1574,El Gouna FC,محمود كهربا,أحمد مجدي كهربا,0,0,24,0,24
440669,Kahraba,1575,El Mokawloon,محمود كهربا,أحمد مجدي كهربا,0,31,30,0,61
440669,Kahraba,18036,Baladiyyat Al Mehalla,محمود كهربا,أحمد مجدي كهربا,0,0,24,0,24
550406,M. Ouka,1576,Haras El Hodood,,محمود سيد أوكا,0,9,0,0,9
550406,Mahmoud Ouka,1576,Haras El Hodood,,محمود سيد أوكا,0,0,18,0,18
550406,Mahmoud Ouka,7520,Masr,,محمود سيد أوكا,0,0,2,0,2
550406,Mahmoud Sayed Okaa,1576,Haras El Hodood,,محمود سيد أوكا,0,20,0,0,20
550406,Mahmoud Sayed Okaa,7520,Masr,,محمود سيد أوكا,0,3,0,0,3
550437,A. Esho,1040,Zamalek SC,,أحمد عبد الرحيم إيشو,0,5,0,0,5
550437,Ahmed Esho,1040,Zamalek SC,,أحمد عبد الرحيم إيشو,0,0,15,0,15
550437,Esho,1040,Zamalek SC,,أحمد عبد الرحيم إيشو,0,3,0,0,3
73818,Mabululo,1572,Al Ittihad,,كريستوفاو مابولولو,0,3,0,0,3
73818,Mabululu,1572,Al Ittihad,مابولولو,كريستوفاو مابولولو,0,71,47,0,118
