num,player_en,user_ar,club,reason
6,Ahmed Alaa,أحمد علاء الدين,Al-Rayyan SC,ترجمة موجودة مختلفة (لا كتابة فوق موجود)
17,Ahmed Khalil Kalousha,أحمد خليل كالوشا,Enppi,ترجمة موجودة مختلفة (لا كتابة فوق موجود)
22,Kouame Kouadio,كوامي أوتون,Al Ain,ترجمة موجودة مختلفة (لا كتابة فوق موجود)
59,Afsha,محمد مجدي أفشة,Al Ahly,ترجمة موجودة مختلفة (لا كتابة فوق موجود)
60,Zizo,أحمد مصطفى زيزو,Al Ahly,تصادم: النص الإنجليزي مشترك بين أكثر من player_id
89,Nabil Emad Dunga,نبيل عماد دونجا,Zamalek SC,ترجمة موجودة مختلفة (لا كتابة فوق موجود)
93,Ahmed Adel Messi,أحمد عادل ميسي,Masr,ترجمة موجودة مختلفة (لا كتابة فوق موجود)
101,Mahmoud Kahraba,محمود كهربا,Enppi,ترجمة موجودة مختلفة (لا كتابة فوق موجود)
142,Ahmed Kalousha,أحمد خليل كالوشا,Enppi,ترجمة موجودة مختلفة (لا كتابة فوق موجود)
145,Ahmed Magdy Kahraba,أحمد مجدي كهربا,El Mokawloon,ترجمة موجودة مختلفة (لا كتابة فوق موجود)
151,Mahmoud Sayed Okaa,محمود سيد أوكا,Masr,تصادم: صيغة اسم للمعرّف مشتركة مع player_id آخر عند الفريق نفسه
171,Tameem Mansour,تميم منصور مفتاح,Al Wakrah,تصادم: النص الإنجليزي مشترك بين أكثر من player_id
179,Bobo,محمد رضا بوبو,Ceramica Cleopatra,ترجمة موجودة مختلفة (لا كتابة فوق موجود)
180,Esho,أحمد عبد الرحيم إيشو,Zamalek SC,تصادم: النص الإنجليزي مشترك بين أكثر من player_id
241,Mabululo,كريستوفاو مابولولو,Al Ittihad,ترجمة موجودة مختلفة (لا كتابة فوق موجود)
258,Sayed Abdallah Sika,سيد عبد الله سيكا,National Bank of Egypt,ترجمة موجودة مختلفة (لا كتابة فوق موجود)
263,Ahmed Atef Otta,أحمد عاطف قطة,Pyramids FC,ترجمة موجودة مختلفة (لا كتابة فوق موجود)
274,Mahmoud Sayed okaa,محمود سيد أوكا,Masr,تصادم: صيغة اسم للمعرّف مشتركة مع player_id آخر عند الفريق نفسه
287,Ahmed Esho,أحمد عبد الرحيم إيشو,Zamalek SC,تصادم: النص الإنجليزي مشترك بين أكثر من player_id
293,Messi,أحمد عادل ميسي,Masr,ترجمة موجودة مختلفة (لا كتابة فوق موجود)
294,Halimo,محمود عبد الحليم حليمو,Pharco,ترجمة موجودة مختلفة (لا كتابة فوق موجود)
345,Yasser Ibrahim Hanafi,ياسر إبراهيم,Al Ahly,بلا player_id في التشكيلات
346,Baba Bello Ilou,بابا بيلو,Al Ain,ترجمة موجودة مختلفة (لا كتابة فوق موجود)
349,Renato Barbosa dos Santos Júnior,ريناتو جونيور,Al-Wasl FC,بلا player_id في التشكيلات
351,Agner Moura Izigethy de Souza,أغنير مورا,Sharjah FC,بلا player_id في التشكيلات
352,Guilherme da Silva Goncalves,غيليرمي بالا,Shabab Al Ahli Dubai,بلا player_id في التشكيلات
353,Marcus Vinicius Barbosa Meloni,ماركوس ميلوني,Al-Jazira,بلا player_id في التشكيلات
360,Cláudio Luiz Rodrigues Parise Leonel,كلاودينيو,Al Sadd,بلا player_id في التشكيلات
366,Iker Kortajarena Canellada,إيكر كورتاجارينا,Al Kholood,بلا player_id في التشكيلات
370,Mahmoud Hassan El Halawani,محمود الحلواني,Future FC,بلا player_id في التشكيلات
378,Rostand Delord Menpweh Djooh,روستاند ديلورد,Al-Dhafra,بلا player_id في التشكيلات
383,Antônio Fialho de Carvalho Neto,أنطونيو نيتو,Al-Ittihad Kalba,بلا player_id في التشكيلات
384,Lithierry da Silva Neves,ليثيري داسيلفا,Ajman,بلا player_id في التشكيلات
