rank,player_id,name_en_db,league,club,team_id,appearances,seasons,name_ar_proposed,confidence,sources_note,collision
1,,Ahmed Sabeha,EGY,National Bank of Egypt,15570,0,,,blank,,
2,42314,Andri Syahputra,QAT,Muaither SC,2902,71,,,blank,,
3,181067,Abdalla Abdulrahman,UAE,Al Bataeh,9136,19,,,blank,,
4,275780,Abdulrahman Al-Jassem,QAT,Qatar SC,2907,15,,,blank,,
5,140833,Djibril Ouattara,MAR,Renaissance Berkane,962,13,,,blank,,
6,401835,Ahmed Nabil,UAE,Dibba Al-Fujairah,2867,9,,,blank,,
7,230719,Ayoub El Ouadrassi,MAR,Moghreb Tetouan,965,8,,,blank,,
8,405028,Agner,UAE,Sharjah FC,2874,5,,,blank,,
9,207758,Bruno Leonardo,UAE,Hatta SC,2869,5,,,blank,,
10,,Abdalla El Refaey,UAE,Al-Wasl FC,2872,0,,,blank,,
11,498399,Abdelrahim Amoory,EGY,Ghazl El Mehalla,13819,0,,,blank,,
12,,Abdelrahman Rakan,UAE,Al Ain,2865,0,,,blank,,
13,,Abdulla Al Sulaiti,QAT,Al-Duhail SC,2904,0,,,blank,,
14,,Abdulrahman Rakan,UAE,Shabab Al Ahli Dubai,2870,0,,,blank,,
15,,Adeel Al-Chadli,UAE,Dubai United,22321,0,,,blank,,
16,,Adel Subeel,UAE,Al Nasr,10155,0,,,blank,,
17,,Agner Moura Izigethy de Souza,UAE,Sharjah FC,2874,0,,,blank,,
18,,Ahmed Abdel Mawgod,EGY,Petrojet,1041,0,,,blank,,
19,,Ahmed Abdel Naby,EGY,Pyramids FC,1036,0,,,blank,,
20,,Ahmed Shambih,UAE,Al Urooba,9139,0,,,blank,,
21,,Ahmet Atef,EGY,Masr,7520,0,,,blank,,
22,,Akram Nakach,UAE,Al-Wasl FC,2872,0,,,blank,,
23,,Ali Mohamed,UAE,Al-Ittihad Kalba,2876,0,,,blank,,
24,,Ali Mohammad,QAT,Al Wakrah,2900,0,,,blank,,
25,,Amjad Al Sayed,UAE,Hatta SC,2869,0,,,blank,,
26,,Antônio Fialho de Carvalho Neto,UAE,Al-Ittihad Kalba,2876,0,,,blank,,
27,,Ayman Ashraf,EGY,Pyramids FC,1036,0,,,blank,,
28,304759,Ayman Rchoq,UAE,Hatta SC,2869,0,,أيمن رشوق,high,,
29,,Baba Bello Ilou,UAE,Al Ain,2865,0,,,blank,,
30,,Benjamin Tetteh,UAE,Al-Ittihad Kalba,2876,0,,,blank,,
31,22233,Boubakary Soumaré,QAT,Al-Duhail SC,2904,0,,,blank,,
32,,Bruno De Oliveira,UAE,Al-Jazira,2871,0,,,blank,,
33,,Cláudio Luiz Rodrigues Parise Leonel,QAT,Al Sadd,2895,0,,,blank,,
34,354063,Damián García,UAE,Shabab Al Ahli Dubai,2870,0,,,blank,,
35,,Darwish Mohammad,UAE,Al Nasr,10155,0,,,blank,,
36,46653,David García,QAT,Al-Rayyan SC,2897,0,,,blank,,
37,,Donovan Leon,SAU,Al-Ettifaq,2934,0,,,blank,,
38,,El Mehdi Maouhoub,UAE,Dubai United,22321,0,,,blank,,
39,,El Wensh Mahmoud,EGY,Future FC,16431,0,,,blank,,
41,242672,Ahmed Ali Rashed,UAE,Dibba Al-Fujairah,2867,18,,,blank,,
42,42231,Abdulrahman Waleed Mansour,QAT,Al Shamal,2916,17,,,blank,,
43,42283,Abdel Rahman Mubarak Al Ali,QAT,Al-Gharafa,2903,17,,,blank,,
44,50419,Haboush Saleh,UAE,Al Bataeh,9136,17,,حبوش صالح,high,,
45,50668,Ibrahim Al Mansoori,UAE,Dibba Al-Fujairah,2867,17,,,blank,,
47,340812,Mohamed Abdelkader,QAT,Al Ahli Doha,2896,17,,,blank,,
48,441807,Marwan Hassan,QAT,Al-Arabi SC,2905,17,,,blank,,
50,42240,Yasin Yaqoob,QAT,Al-Markhiya,2908,15,,ياسين يعقوب,high,,
51,42305,Saeed Alhaj,QAT,Al-Sailiya,2898,15,,,blank,,
53,284150,Mouaz Gadelseed Abdalla,QAT,Al-Rayyan SC,2897,15,,,blank,,
54,361507,Obaid Mohamed,UAE,Ajman,2879,15,,,blank,,
56,445600,Yass Ali Jeera,QAT,Al Ahli Doha,2896,15,,,blank,,
58,456963,Abdallah Bostangy,EGY,Smouha SC,1044,14,,,blank,,
60,166551,Khaled Karib,QAT,Al-Khor,2901,13,,,blank,,
61,295190,Yehia Hamed,EGY,El Geish,1039,13,,,blank,,
62,320293,Fahad Al Qesaimi,QAT,Al-Rayyan SC,2897,13,,,blank,,
63,332170,Adel Al Amri,UAE,Khorfakkan,4912,13,,,blank,,
64,334710,Fahd Gomaa,EGY,El Dakhleya,1032,13,,فهد جمعة,high,,
66,394605,Mamdouh Abd Rabo,EGY,Smouha SC,1044,13,,,blank,,
67,395082,Ahmed El Amour,EGY,El Dakhleya,1032,13,,,blank,,
68,402892,Mostafa Osama,EGY,Ghazl El Mehalla,13819,13,,,blank,,
69,405286,Ghadeer Al Shamri,QAT,Muaither SC,2902,13,,,blank,,
71,474038,Ahmed Magdy,EGY,Zamalek SC,1040,13,,,blank,,
72,482337,Ali Ehab,EGY,Enppi,1037,13,,علي إيهاب,high,,
73,17057,Mahmoud Ezzat,EGY,El Dakhleya,1032,12,,,blank,,
74,41154,Rochinha,QAT,Al-Markhiya,2908,12,,روشينها,high,,
76,42211,Moaied Hamza,QAT,Muaither SC,2902,12,,,blank,,
77,50322,Khalfan Alnoobi,UAE,Hatta SC,2869,12,,,blank,,
78,50384,Khalil Ibrahim,UAE,Baniyas SC,2877,12,,خليل إبراهيم,high,,
80,101600,Rashed Abdulla Suroor,UAE,Emirates Club,2868,12,,,blank,,
81,146296,Al Sanousi Al Hadi,UAE,Emirates Club,2868,12,,السنوسي الهادي,high,,
82,166556,Hussain Al Hafi,QAT,UMM Salal,2899,12,,,blank,,
83,197959,Mekki Tombari,QAT,Al-Rayyan SC,2897,12,,,blank,,
84,483942,Yousif Almarzooqi,UAE,Al-Jazira,2871,12,,,blank,,
87,337808,Majed Khalaf,QAT,Al Shahaniya,2893,11,,,blank,,
88,340007,Ali Ahmed Elgaili,QAT,Qatar SC,2907,11,,,blank,,
89,349259,Mayed Saeed,UAE,Sharjah FC,2874,11,,,blank,,
90,350946,Majed Abdullatif,QAT,Muaither SC,2902,11,,,blank,,
92,410286,Abdulrahman Al Shaibah,QAT,Al-Khor,2901,11,,,blank,,
93,460436,Joao Alves,UAE,Al-Wasl FC,2872,11,,,blank,,
94,42434,Ahmed Sufyan,QAT,Al-Gharafa,2903,10,,أحمد سفيان,high,,
95,44044,Khalid Ali Al Baloushi,UAE,Al Ain,2865,10,,,blank,,
99,101629,Nahyan Al Abdouli,UAE,Dibba Al Hisn,9140,10,,,blank,,
100,134962,Mohannad Obaid,UAE,Dibba Al-Fujairah,2867,10,,,blank,,
106,343176,Youssef Nader Elshazly,EGY,Pyramids FC,1036,10,,,blank,,
108,384774,Abdulhamid Sebaei,QAT,Al-Duhail SC,2904,10,,,blank,,
109,458144,Abdel Rahman Hamawy,EGY,El Dakhleya,1032,10,,,blank,,
111,42079,Mukhtar Ali Mukhtar,QAT,UMM Salal,2899,9,,,blank,,
114,50294,Mohammed Sabeel,UAE,Al-Wasl FC,2872,9,,,blank,,
115,50650,Ibrahim Al Kaabi,UAE,Emirates Club,2868,9,,,blank,,
116,57575,Hisham Kamal Hasan,QAT,Al-Markhiya,2908,9,,,blank,,
117,134964,Abdulaziz Dawood,UAE,Al Nasr,10155,9,,,blank,,
119,283472,Ibrahim Mohamed Al Hammadi,UAE,Al-Dhafra,2873,9,,,blank,,
120,289340,Farid Ahmed Al-Marhoobi,QAT,Al-Markhiya,2908,9,,,blank,,
121,301635,Mohammed Ali Jamin,QAT,Al-Gharafa,2903,9,,,blank,,
122,341304,Yago,UAE,Khorfakkan,4912,9,,,blank,,
126,447268,Mohsen Alipour,QAT,Al Ahli Doha,2896,9,,,blank,,
127,451548,Al Fahd Haidara,QAT,UMM Salal,2899,9,,,blank,,
129,465724,Omar Abdel Aziz,EGY,Zamalek SC,1040,9,,,blank,,
131,498467,Sheko Mohareb,EGY,Enppi,1037,9,,,blank,,
132,10582,Vinícius Araújo,QAT,UMM Salal,2899,8,,,blank,,
136,137204,Natan Felipe,UAE,Al Bataeh,9136,8,,,blank,,
137,144658,Khalil Haggagy,EGY,Pharco,15736,8,,,blank,,
138,156198,Hamad Al Meqbaali,UAE,Shabab Al Ahli Dubai,2870,8,,حمد المقبالي,high,,
140,290471,Karim Fadi El Jaouni,QAT,Al-Duhail SC,2904,8,,,blank,,
141,308163,Guilherme Matos,UAE,Dibba Al Hisn,9140,8,,,blank,,
143,339189,Zeyad Tolba,EGY,Pharco,15736,8,,,blank,,
144,339663,Anas Shendy,EGY,El Dakhleya,1032,8,,,blank,,
145,342780,Mostafa Kajo,EGY,Masr,7520,8,,,blank,,
146,378278,Joé Amian,MAR,Hassania Agadir,973,8,,,blank,,
147,379839,Ali Amr,EGY,Smouha SC,1044,8,,علي عمرو,high,,
148,402970,Shadi Bouri,QAT,Al-Arabi SC,2905,8,,,blank,,
149,406288,Islam Reisha,EGY,Ceramica Cleopatra,14651,8,,إسلام ريشة,high,,
150,416163,Ahmed Bahaa,EGY,Al Ittihad,1572,8,,,blank,,
151,457450,Yassin Farouk,EGY,El Mokawloon,1575,8,,,blank,,
153,474742,Hazem Ali,EGY,Zamalek SC,1040,8,,,blank,,
154,482336,Seif Safaga,EGY,Enppi,1037,8,,سيف سفاجا,high,,
155,590129,David Simukonda,EGY,El Gouna FC,1574,8,,,blank,,
157,16929,Abdul Aziz Mousa,EGY,Aswan Sc,1048,7,,,blank,,
158,16985,Medhat Fakousa,EGY,Haras El Hodood,1576,7,,,blank,,
159,42256,Sultan Al Kuwari,QAT,Al-Markhiya,2908,7,,,blank,,
162,80772,Filipe Nascimento,EGY,Al Ittihad,1572,7,,,blank,,
163,125652,Matheus Jussa,QAT,Qatar SC,2907,7,,,blank,,
165,179687,Abdallah Adel,EGY,Enppi,1037,7,,,blank,,
167,213977,Hadi Al Hourani,MAR,FUS Rabat,977,7,,,blank,,
168,266281,Marcos Souza,UAE,Dibba Al Hisn,9140,7,,,blank,,
169,269620,Alaa Yehia,EGY,Baladiyyat Al Mehalla,18036,7,,,blank,,
171,298225,Mohamed El Kott,EGY,Haras El Hodood,1576,7,,محمد القط,high,,
180,383420,Ahmed Refai,EGY,Zamalek SC,1040,7,,أحمد رفاعي,high,,
182,402967,Moustafa Asar,QAT,Al-Rayyan SC,2897,7,,,blank,,
183,407284,Yassir Boussawi,QAT,UMM Salal,2899,7,,,blank,,
185,440663,Abdel Rahman Hammad,EGY,Baladiyyat Al Mehalla,18036,7,,,blank,,
186,440681,Fahd Aboul Fetouh,EGY,Masr,7520,7,,,blank,,
189,456319,Omar Wael,EGY,Future FC,16431,7,,عمر وائل,high,,
190,458943,Mahmoud Setouhi,EGY,Al Ittihad,1572,7,,,blank,,
191,457501,Youssef Baarour,EGY,Ceramica Cleopatra,14651,7,,يوسف بعرور,high,,
193,475010,Hassan Abou El Matty,EGY,Zamalek SC,1040,7,,,blank,,
194,482334,Mohamed Awsam,EGY,Enppi,1037,7,,,blank,,
203,69193,Mostafa Fares,EGY,Ismaily SC,1030,6,,,blank,,
204,81509,Hesham Fathallah,EGY,Pharco,15736,6,,,blank,,
206,198656,Omar Faraj,EGY,Zamalek SC,1040,6,,عمر فرج,high,,
207,295234,Hassan Yassin,EGY,El Gouna FC,1574,6,,,blank,,
211,331017,Hamza Alaa,EGY,Al Ahly,1577,6,,حمزة علاء,high,,
212,339190,Sabry Gad,EGY,Pharco,15736,6,,,blank,,
213,342767,Maher Ibrahim,EGY,Baladiyyat Al Mehalla,18036,6,,,blank,,
215,346690,Hareb Alhosani,UAE,Al-Dhafra,2873,6,,,blank,,
216,355831,Amer Khalifa,UAE,Hatta SC,2869,6,,,blank,,
217,392787,Atiq Esam,UAE,Al-Wasl FC,2872,6,,,blank,,
218,411701,Mohamed Riad Moukrish,QAT,Al Ahli Doha,2896,6,,,blank,,
219,419650,Omar Saudi,EGY,Aswan Sc,1048,6,,,blank,,
223,473174,Mazen Ashraf,EGY,Al Ittihad,1572,6,,,blank,,
224,474970,Hazem Abou Sena,EGY,Olympic El Qanah,13822,6,,حازم أبو سنة,high,,
227,505266,Noureldin El Gammal,QAT,UMM Salal,2899,6,,,blank,,
228,550413,Mohamed Saied Zika,EGY,Kahraba Ismailia,20458,6,,,blank,,
229,579581,Vittor Richardh,UAE,Al-Dhafra,2873,6,,,blank,,
230,588702,Kirki,EGY,Enppi,1037,6,,,blank,,
234,42252,Anas El Fadil Ahmed,QAT,Al-Khor,2901,5,,,blank,,
235,50629,Yaqoub Eisa,UAE,Emirates Club,2868,5,,,blank,,
236,60982,Shabaib Al Khaldi,UAE,Hatta SC,2869,5,,شبيب الخالدي,high,,
238,269628,Khaled Mostafa,EGY,National Bank of Egypt,15570,5,,,blank,,
240,310082,Ali Zaki,EGY,Smouha SC,1044,5,,,blank,,
248,402441,Saeed Hany,EGY,Smouha SC,1044,5,,,blank,,
253,424632,Mohamed Eldawi kresto,EGY,Al Ahly,1577,5,,,blank,,
255,439448,Abderahman Nafad,EGY,Zamalek SC,1040,5,,,blank,,
259,457635,Adham Alaa,EGY,Al Ittihad,1572,5,,أدهم علاء,high,,
261,458678,Bashar Ashraf,EGY,Ismaily SC,1030,5,,,blank,,
262,468475,Mohamed Fayez,EGY,Ceramica Cleopatra,14651,5,,,blank,,
264,477905,Marwan Mahmoud,EGY,Masr,7520,5,,,blank,,
265,506384,Hamza Abdel Karim,EGY,Al Ahly,1577,5,,حمزة عبد الكريم,high,,
266,506560,Mohamed Basiouny,EGY,El Geish,1039,5,,,blank,,
267,585592,Bastian Kaua,UAE,Hatta SC,2869,5,,,blank,,
268,594389,Ze Welinton,UAE,Al-Dhafra,2873,5,,,blank,,
269,652290,El Zoughbi,EGY,El Geish,1039,5,,,blank,,
270,671960,Schlickmann,UAE,Hatta SC,2869,5,,,blank,,
280,157039,Anderson Ceara,EGY,National Bank of Egypt,15570,4,,,blank,,
281,195499,Matheus Donelli,UAE,Shabab Al Ahli Dubai,2870,4,,,blank,,
