num,player_en,user_ar,club,original_reason,class,reason,scope,goals,lineup_players,player_stats,events,total
1,Rafa Mújica,رافا موخيكا,Al Sadd,ترجمة موجودة مختلفة (لا كتابة فوق موجود),تُرك,ترجمة موجودة (سجل واحد على الأقل),,0,0,0,0,0
5,Yuri Cesar,يوري سيزار,Shabab Al Ahli Dubai,ترجمة موجودة مختلفة (لا كتابة فوق موجود),كُتب,كل السجلات فاضية وربط واحد بلا تصادم,pid 10172 @ 2870,15,27,0,16,58
8,Yusuf Abdurisag,يوسف عبد الرزاق,Al Sadd,تصادم: النص الإنجليزي مشترك بين أكثر من player_id,تُرك,ترجمة موجودة (سجل واحد على الأقل),,0,0,0,0,0
10,Álvaro de Oliveira,ألفارو دي أوليفيرا,Al Bataeh,تصادم: صيغة اسم للمعرّف مشتركة مع player_id آخر عند الفريق نفسه,كُتب,كل السجلات فاضية وربط واحد بلا تصادم,pid 197571 @ 9136,11,44,0,22,77
11,Alvaro de Oliveira,ألفارو دي أوليفيرا,Al Bataeh,تصادم: النص الإنجليزي مشترك بين أكثر من player_id,تُرك,ترجمة موجودة (سجل واحد على الأقل),,0,0,0,0,0
13,Harib Abdalla Suhail,حارب عبد الله سهيل,Sharjah FC,تصادم: صيغة اسم للمعرّف مشتركة مع player_id آخر عند الفريق نفسه,تُرك,ترجمة موجودة (سجل واحد على الأقل),,0,0,0,0,0
14,Kauan Santos,كاووان سانتوس,Shabab Al Ahli Dubai,ترجمة موجودة مختلفة (لا كتابة فوق موجود),تُرك,ترجمة موجودة (سجل واحد على الأقل),,0,0,0,0,0
26,Meme,ميمي,Dibba Al-Fujairah,ترجمة موجودة مختلفة (لا كتابة فوق موجود),كُتب,كل السجلات فاضية وربط واحد بلا تصادم,pid 53894 @ 2867,6,20,0,8,34
28,Ismaeel Mohammad,إسماعيل محمد,Al Ahli Doha,ترجمة موجودة مختلفة (لا كتابة فوق موجود),تُرك,ترجمة موجودة (سجل واحد على الأقل),,0,0,0,0,0
32,Mohamed Awad Alla,محمد عوض الله,Baniyas SC,تصادم: صيغة اسم للمعرّف مشتركة مع player_id آخر عند الفريق نفسه,كُتب,كل السجلات فاضية وربط واحد بلا تصادم,"pid 483939 @ 2865,2877",5,24,3,5,37
33,Kaku,كاكو,Al Ain,ترجمة موجودة مختلفة (لا كتابة فوق موجود),كُتب,كل السجلات فاضية وربط واحد بلا تصادم,pid 2514 @ 2865,5,25,29,12,71
36,Mahmoud Alaa,محمود علاء,Asyut Petrol,تصادم: النص الإنجليزي مشترك بين أكثر من player_id,تُرك,ترجمة موجودة (سجل واحد على الأقل),,0,0,0,0,0
37,Abdel Kader Yehia,عبد القادر يحيى,Ghazl El Mehalla,تصادم: صيغة اسم للمعرّف مشتركة مع player_id آخر عند الفريق نفسه,تُرك,ترجمة موجودة (سجل واحد على الأقل),,0,0,0,0,0
38,Abdelrahman El Sakran,عبد الرحمن السكران,Masr,ترجمة موجودة مختلفة (لا كتابة فوق موجود),كُتب,كل السجلات فاضية وربط واحد بلا تصادم,pid 312843 @ 7520,5,30,0,14,49
39,Habib Al Fardan,حبيب الفردان,Dubai United,تصادم: النص الإنجليزي مشترك بين أكثر من player_id,تُرك,ترجمة موجودة (سجل واحد على الأقل),,0,0,0,0,0
47,Mostafa Adel,مصطفى عادل,Enppi,ترجمة موجودة مختلفة (لا كتابة فوق موجود),تُرك,ترجمة موجودة (سجل واحد على الأقل),,0,0,0,0,0
48,Ahmed Hawash,أحمد حواش,Enppi,ترجمة موجودة مختلفة (لا كتابة فوق موجود),تُرك,ترجمة موجودة (سجل واحد على الأقل),,0,0,0,0,0
55,Paulo Otávio,باولو أوتافيو,Al Sadd,ترجمة موجودة مختلفة (لا كتابة فوق موجود),تُرك,ترجمة موجودة (سجل واحد على الأقل),,0,0,0,0,0
57,Alaa Eddin Hasan,علاء الدين حسن,Al-Arabi SC,ترجمة موجودة مختلفة (لا كتابة فوق موجود),كُتب,كل السجلات فاضية وربط واحد بلا تصادم,pid 343983 @ 2905,4,21,0,7,32
64,Mohamed Al Junaibi,محمد الجنيبي,Al Urooba,ترجمة موجودة مختلفة (لا كتابة فوق موجود),تُرك,ترجمة موجودة (سجل واحد على الأقل),,0,0,0,0,0
66,Salem Saleh,سالم صالح,Dibba Al Hisn,تصادم: النص الإنجليزي مشترك بين أكثر من player_id,تُرك,ترجمة موجودة (سجل واحد على الأقل),,0,0,0,0,0
67,Ahmed Al Attas,أحمد العطاس,Al-Jazira,تصادم: النص الإنجليزي مشترك بين أكثر من player_id,تُرك,تصادم: أكثر من player_id لنفس النص عند نفس الفريق,,0,0,0,0,0
68,Abdul Sallam Mohameed,عبد السلام محمد,Al-Ittihad Kalba,ترجمة موجودة مختلفة (لا كتابة فوق موجود),كُتب,كل السجلات فاضية وربط واحد بلا تصادم,pid 50410 @ 2876,2,63,0,11,76
69,Mohamed Awadalla,محمد عوض الله,Khorfakkan,تصادم: النص الإنجليزي مشترك بين أكثر من player_id,تُرك,تصادم: معرّف آخر لنفس النص عند الفريق [2865],,0,0,0,0,0
74,Guilherme Biro,غيليرمي بيرو,Sharjah FC,تصادم: صيغة اسم للمعرّف مشتركة مع player_id آخر عند الفريق نفسه,كُتب,كل السجلات فاضية وربط واحد بلا تصادم,"pid 306853 @ 2874,2876,2879",3,23,32,11,69
76,Bruno Conceição,برونو كونسيساو,Al-Jazira,ترجمة موجودة مختلفة (لا كتابة فوق موجود),كُتب,كل السجلات فاضية وربط واحد بلا تصادم,pid 156769 @ 2871,3,18,0,10,31
82,Ahmed Radwan,أحمد رضوان,Al Ahly,ترجمة موجودة مختلفة (لا كتابة فوق موجود),كُتب,كل السجلات فاضية وربط واحد بلا تصادم,pid 295536 @ 1577,3,15,0,11,29
84,Mohamed Farouk,محمد فاروق,Smouha SC,تصادم: النص الإنجليزي مشترك بين أكثر من player_id,تُرك,ترجمة موجودة (سجل واحد على الأقل),,0,0,0,0,0
90,Islam Abou Salima,إسلام أبو سليمة,Haras El Hodood,تصادم: صيغة اسم للمعرّف مشتركة مع player_id آخر عند الفريق نفسه,كُتب,كل السجلات فاضية وربط واحد بلا تصادم,"pid 16886 @ 1572,1576",2,46,0,5,53
91,Mohamed Naser,محمد ناصر,National Bank of Egypt,ترجمة موجودة مختلفة (لا كتابة فوق موجود),تُرك,ترجمة موجودة (سجل واحد على الأقل),,0,0,0,0,0
94,Nasser Ibrahim,ناصر إبراهيم,Al Shamal,تصادم: النص الإنجليزي مشترك بين أكثر من player_id,تُرك,ترجمة موجودة (سجل واحد على الأقل),,0,0,0,0,0
96,Mohammed Khalid Al Naimi,محمد خالد النعيمي,Al Shamal,تصادم: صيغة اسم للمعرّف مشتركة مع player_id آخر عند الفريق نفسه,كُتب,كل السجلات فاضية وربط واحد بلا تصادم,"pid 96824 @ 2908,2916",2,19,0,6,27
97,Lucas Veríssimo,لوكاس فيريسيمو,Al-Duhail SC,ترجمة موجودة مختلفة (لا كتابة فوق موجود),تُرك,ترجمة موجودة (سجل واحد على الأقل),,0,0,0,0,0
99,Paulo Otavio,باولو أوتافيو,Al Sadd,ترجمة موجودة مختلفة (لا كتابة فوق موجود),كُتب,كل السجلات فاضية وربط واحد بلا تصادم,pid 25208 @ 2895,3,20,0,10,33
100,Seif Teka,سيف تقا,Wadi Degla,تصادم: صيغة اسم للمعرّف مشتركة مع player_id آخر عند الفريق نفسه,كُتب,كل السجلات فاضية وربط واحد بلا تصادم,"pid 20662 @ 1046,1572,14651",2,1,54,20,77
107,Habib Yousuf,حبيب يوسف,Dibba Al-Fujairah,تصادم: النص الإنجليزي مشترك بين أكثر من player_id,تُرك,تصادم: أكثر من player_id لنفس النص عند نفس الفريق,,0,0,0,0,0
110,Moussa Ndiaye,موسى نديايي,Al Nasr,ترجمة موجودة مختلفة (لا كتابة فوق موجود),تُرك,ترجمة موجودة (سجل واحد على الأقل),,0,0,0,0,0
122,Alejandro Romero,أليخاندرو روميرو كاكو,Al Ain,ترجمة موجودة مختلفة (لا كتابة فوق موجود),كُتب,كل السجلات فاضية وربط واحد بلا تصادم,pid 2514 @ 2865,2,9,26,13,50
125,Erik Menezes,إريك مينيزيس,Al Ain,ترجمة موجودة مختلفة (لا كتابة فوق موجود),كُتب,كل السجلات فاضية وربط واحد بلا تصادم,pid 125676 @ 2865,2,25,0,10,37
127,Ahmed Eid Abdel Naby,أحمد عيد عبد النبي,Al Ittihad,ترجمة موجودة مختلفة (لا كتابة فوق موجود),كُتب,كل السجلات فاضية وربط واحد بلا تصادم,pid 390207 @ 1572,2,51,0,16,69
133,Amr El Saadawy,عمرو سعداوي,AL Masry,ترجمة موجودة مختلفة (لا كتابة فوق موجود),تُرك,ترجمة موجودة (سجل واحد على الأقل),,0,0,0,0,0
141,Mahmoud El Gazzar,محمود الجزار,National Bank of Egypt,تصادم: النص الإنجليزي مشترك بين أكثر من player_id,تُرك,ترجمة موجودة (سجل واحد على الأقل),,0,0,0,0,0
148,Mohamed Khatary,محمد ختاري,Ismaily SC,ترجمة موجودة مختلفة (لا كتابة فوق موجود),تُرك,ترجمة موجودة (سجل واحد على الأقل),,0,0,0,0,0
157,Rabeh Boussafi,رابح بوصفي,Al-Gharafa,ترجمة موجودة مختلفة (لا كتابة فوق موجود),تُرك,ترجمة موجودة (سجل واحد على الأقل),,0,0,0,0,0
160,Khaled Ali,خالد علي,Hatta SC,تصادم: النص الإنجليزي مشترك بين أكثر من player_id,كُتب,كل السجلات فاضية وربط واحد بلا تصادم,pid 621674 @ 2869,0,2,3,0,5
163,Eisa Ahmed,عيسى أحمد,Al Bataeh,تصادم: النص الإنجليزي مشترك بين أكثر من player_id,تُرك,ترجمة موجودة (سجل واحد على الأقل),,0,0,0,0,0
164,Eissa El Nagar,عيسى النجار,Al Ahli Doha,تصادم: صيغة اسم للمعرّف مشتركة مع player_id آخر عند الفريق نفسه,كُتب,كل السجلات فاضية وربط واحد بلا تصادم,pid 313736 @ 2896,1,39,0,3,43
165,Abdullah Al Ahrak,عبد الله الأحرق,Al-Duhail SC,ترجمة موجودة مختلفة (لا كتابة فوق موجود),تُرك,ترجمة موجودة (سجل واحد على الأقل),,0,0,0,0,0
172,Mamadou Lamine Camara,مامادو لامين كامارا,Renaissance Berkane,ترجمة موجودة مختلفة (لا كتابة فوق موجود),كُتب,كل السجلات فاضية وربط واحد بلا تصادم,pid 344813 @ 962,2,10,0,11,23
174,Abdoul Karim Traoré,عبد الكريم تراوري,Al Ain,تصادم: صيغة اسم للمعرّف مشتركة مع player_id آخر عند الفريق نفسه,كُتب,كل السجلات فاضية وربط واحد بلا تصادم,pid 335155 @ 2865,2,3,1,0,6
177,Farhad Zavoshi,فرهاد زافوشي,Lusail City,بلا player_id في التشكيلات,كُتب,كل السجلات فاضية وربط واحد بلا تصادم,team 7527 + text,2,0,0,1,3
178,Zizo Sayed,زيزو سيد,Al Ahly,بلا player_id في التشكيلات,كُتب,كل السجلات فاضية وربط واحد بلا تصادم,team 1577 + text,2,0,0,3,5
183,Ryan Mendes,رايان مينديز,Al Nasr,ترجمة موجودة مختلفة (لا كتابة فوق موجود),تُرك,ترجمة موجودة (سجل واحد على الأقل),,0,0,0,0,0
185,Sultan Alzaabi,سلطان الزعابي,Khorfakkan,تصادم: النص الإنجليزي مشترك بين أكثر من player_id,تُرك,ترجمة موجودة (سجل واحد على الأقل),,0,0,0,0,0
191,Abdulrahman Rakan,عبد الرحمن راكان,Ajman,ترجمة موجودة مختلفة (لا كتابة فوق موجود),تُرك,ترجمة موجودة (سجل واحد على الأقل),,0,0,0,0,0
193,Saile,سايل,Al-Ittihad Kalba,تصادم: النص الإنجليزي مشترك بين أكثر من player_id,تُرك,ترجمة موجودة (سجل واحد على الأقل),,0,0,0,0,0
196,Hamad Mohamed,حمد محمد,Al Bataeh,تصادم: النص الإنجليزي مشترك بين أكثر من player_id,تُرك,تصادم: أكثر من player_id لنفس النص عند نفس الفريق,,0,0,0,0,0
199,Abdalla Ghanim,عبد الله غانم,Sharjah FC,تصادم: صيغة اسم للمعرّف مشتركة مع player_id آخر عند الفريق نفسه,كُتب,كل السجلات فاضية وربط واحد بلا تصادم,pid 50259 @ 2874,1,37,0,2,40
200,Abdelrahman Rakan,عبد الرحمن راكان,Ajman,ترجمة موجودة مختلفة (لا كتابة فوق موجود),تُرك,ترجمة موجودة (سجل واحد على الأقل),,0,0,0,0,0
202,Suhail Abdulla,سهيل عبد الله,Al-Wasl FC,ترجمة موجودة مختلفة (لا كتابة فوق موجود),تُرك,ترجمة موجودة (سجل واحد على الأقل),,0,0,0,0,0
205,Gustavo Alemão,غوستافو أليماو,Al Nasr,ترجمة موجودة مختلفة (لا كتابة فوق موجود),تُرك,ترجمة موجودة (سجل واحد على الأقل),,0,0,0,0,0
206,Abdulrahman Saleh,عبد الرحمن صالح,Al-Wasl FC,تصادم: النص الإنجليزي مشترك بين أكثر من player_id,تُرك,ترجمة موجودة (سجل واحد على الأقل),,0,0,0,0,0
211,Issam Faiz,عصام فايز,Ajman,تصادم: صيغة اسم للمعرّف مشتركة مع player_id آخر عند الفريق نفسه,كُتب,كل السجلات فاضية وربط واحد بلا تصادم,pid 71396 @ 2879,1,22,0,9,32
214,Abdalla El Refaey,عبد الله الرفاعي,Khorfakkan,ترجمة موجودة مختلفة (لا كتابة فوق موجود),تُرك,ترجمة موجودة (سجل واحد على الأقل),,0,0,0,0,0
215,Saeed Ahmed,سعيد أحمد,Khorfakkan,ترجمة موجودة مختلفة (لا كتابة فوق موجود),كُتب,كل السجلات فاضية وربط واحد بلا تصادم,"pid 50316 @ 2865,4912",1,66,0,5,72
217,Ali Mohamed,علي محمد,Ajman,ترجمة موجودة مختلفة (لا كتابة فوق موجود),كُتب,كل السجلات فاضية وربط واحد بلا تصادم,pid 50430 @ 2879,0,47,0,0,47
222,Ahmed Sulaiman,أحمد سليمان,Al Bataeh,تصادم: النص الإنجليزي مشترك بين أكثر من player_id,تُرك,تصادم: أكثر من player_id لنفس النص عند نفس الفريق,,0,0,0,0,0
228,João Victor,جواو فيكتور,Baniyas SC,تصادم: صيغة اسم للمعرّف مشتركة مع player_id آخر عند الفريق نفسه,كُتب,كل السجلات فاضية وربط واحد بلا تصادم,pid 135741 @ 2877,0,59,0,18,77
230,Gustavo Alemao,غوستافو أليماو,Al Nasr,ترجمة موجودة مختلفة (لا كتابة فوق موجود),كُتب,كل السجلات فاضية وربط واحد بلا تصادم,pid 157837 @ 10155,1,9,0,4,14
231,Gian,جيان,Al Bataeh,ترجمة موجودة مختلفة (لا كتابة فوق موجود),كُتب,كل السجلات فاضية وربط واحد بلا تصادم,pid 283470 @ 9136,1,19,0,9,29
234,Biro,بيرو,Al-Ittihad Kalba,تصادم: النص الإنجليزي مشترك بين أكثر من player_id,تُرك,تصادم: أكثر من player_id لنفس النص عند نفس الفريق,,0,0,0,0,0
235,Adryelson,أدرييلسون,Al-Wasl FC,ترجمة موجودة مختلفة (لا كتابة فوق موجود),تُرك,ترجمة موجودة (سجل واحد على الأقل),,0,0,0,0,0
248,Islam Abou Slemma,إسلام أبو سليمة,AL Masry,تصادم: صيغة اسم للمعرّف مشتركة مع player_id آخر عند الفريق نفسه,كُتب,كل السجلات فاضية وربط واحد بلا تصادم,pid 16886 @ 1031,1,28,0,2,31
249,Ahmed Elkalamawy,أحمد الكلاماوي,Masr,ترجمة موجودة مختلفة (لا كتابة فوق موجود),تُرك,صيغة لمعرّف كُتب بـf31153c90,,0,0,0,0,0
265,Amr Saleh,عمرو صالح,Al Ittihad,ترجمة موجودة مختلفة (لا كتابة فوق موجود),تُرك,ترجمة موجودة (سجل واحد على الأقل),,0,0,0,0,0
273,Ahmed El Aash,أحمد العش,Ghazl El Mehalla,تصادم: النص الإنجليزي مشترك بين أكثر من player_id,تُرك,ترجمة موجودة (سجل واحد على الأقل),,0,0,0,0,0
275,Mohamed Antar,محمد عنتر,Olympic El Qanah,تصادم: النص الإنجليزي مشترك بين أكثر من player_id,تُرك,ترجمة موجودة (سجل واحد على الأقل),,0,0,0,0,0
280,Fawzi El Henawi,فوزي الحناوي,Haras El Hodood,تصادم: صيغة اسم للمعرّف مشتركة مع player_id آخر عند الفريق نفسه,كُتب,كل السجلات فاضية وربط واحد بلا تصادم,"pid 17011 @ 1572,1576",1,46,0,9,56
282,Mohamed Ashraf Fahmy,محمد أشرف فهمي,Ghazl El Mehalla,ترجمة موجودة مختلفة (لا كتابة فوق موجود),كُتب,كل السجلات فاضية وربط واحد بلا تصادم,pid 17236 @ 13819,1,13,0,7,21
285,Mohamed Rabia,محمد ربيعة,Masr,تصادم: النص الإنجليزي مشترك بين أكثر من player_id,تُرك,ترجمة موجودة (سجل واحد على الأقل),,0,0,0,0,0
295,Ali Mohammad,علي محمد,Al Shahaniya,ترجمة موجودة مختلفة (لا كتابة فوق موجود),كُتب,كل السجلات فاضية وربط واحد بلا تصادم,"pid 42225 @ 2893,2899",0,35,0,1,36
296,Tameem Al Abdullah,تميم العبد الله,Al-Rayyan SC,تصادم: النص الإنجليزي مشترك بين أكثر من player_id,تُرك,صيغة لمعرّف كُتب بـf31153c90,,0,0,0,0,0
306,Eisa Palangi,عيسى بالانغي,Qatar SC,ترجمة موجودة مختلفة (لا كتابة فوق موجود),كُتب,كل السجلات فاضية وربط واحد بلا تصادم,pid 42433 @ 2907,1,25,1,9,36
311,Mohammed Emad,محمد عماد,Al-Rayyan SC,تصادم: النص الإنجليزي مشترك بين أكثر من player_id,كُتب,كل السجلات فاضية وربط واحد بلا تصادم,"pid 134611 @ 2897,2904",1,11,0,1,13
312,Islam Yassine,إسلام ياسين,Al Ahli Doha,تصادم: صيغة اسم للمعرّف مشتركة مع player_id آخر عند الفريق نفسه,كُتب,كل السجلات فاضية وربط واحد بلا تصادم,pid 57554 @ 2896,1,41,0,16,58
314,Ahmed Fathi,أحمد فتحي,Al-Arabi SC,تصادم: النص الإنجليزي مشترك بين أكثر من player_id,كُتب,كل السجلات فاضية وربط واحد بلا تصادم,pid 2539 @ 2905,1,14,8,5,28
316,Abdallah Al Muftah,عبد الله المفتاح,Qatar SC,ترجمة موجودة مختلفة (لا كتابة فوق موجود),تُرك,ترجمة موجودة (سجل واحد على الأقل),,0,0,0,0,0
318,Abdullah Alahrak,عبد الله الأحرق,Qatar SC,ترجمة موجودة مختلفة (لا كتابة فوق موجود),تُرك,ترجمة موجودة (سجل واحد على الأقل),,0,0,0,0,0
319,Khalid Mahmoudi,خالد المحمودي,Qatar SC,ترجمة موجودة مختلفة (لا كتابة فوق موجود),تُرك,ترجمة موجودة (سجل واحد على الأقل),,0,0,0,0,0
324,Moataz Al Bistamy,معتز البسطامي,Qatar SC,ترجمة موجودة مختلفة (لا كتابة فوق موجود),كُتب,كل السجلات فاضية وربط واحد بلا تصادم,pid 108552 @ 2907,0,22,0,1,23
327,Marwan Badreldin,مروان بدر الدين,Al Ahli Doha,تصادم: صيغة اسم للمعرّف مشتركة مع player_id آخر عند الفريق نفسه,كُتب,كل السجلات فاضية وربط واحد بلا تصادم,pid 42168 @ 2896,0,63,0,0,63
332,Othman Alawi,عثمان علوي,UMM Salal,تصادم: النص الإنجليزي مشترك بين أكثر من player_id,تُرك,ترجمة موجودة (سجل واحد على الأقل),,0,0,0,0,0
337,Younis Hussein Abdelrahman,يونس حسين عبد الرحمن,Al Ahli Doha,بلا player_id في التشكيلات,كُتب,كل السجلات فاضية وربط واحد بلا تصادم,team 2896 + text,1,0,0,0,1
338,Youssef snana,يوسف سنانة,Al-Arabi SC,بلا player_id في التشكيلات,كُتب,كل السجلات فاضية وربط واحد بلا تصادم,team 2905 + text,1,0,0,2,3
343,Abdelmounaim Boutouil,عبد المنعم بوطويل,Al-Hazm,ترجمة موجودة مختلفة (لا كتابة فوق موجود),تُرك,ترجمة موجودة (سجل واحد على الأقل),,0,0,0,0,0
344,Donovan Leon,دونوفان ليون,Al-Ettifaq,بلا player_id في التشكيلات,كُتب,كل السجلات فاضية وربط واحد بلا تصادم,team 2934 + text,1,0,0,0,1
347,Siaka Sidibe,سياكا سيديبي,Al-Wasl FC,تصادم: النص الإنجليزي مشترك بين أكثر من player_id,تُرك,تصادم: أكثر من player_id لنفس النص عند نفس الفريق,,0,0,0,0,0
350,Adeel Al-Chadli,عادل الشادلي,Dubai United,بلا player_id في التشكيلات,كُتب,كل السجلات فاضية وربط واحد بلا تصادم,team 22321 + text,1,0,0,2,3
354,Abdelkarim Hassan,عبد الكريم حسن,Al Shamal,ترجمة موجودة مختلفة (لا كتابة فوق موجود),كُتب,كل السجلات فاضية وربط واحد بلا تصادم,"pid 2527 @ 2900,2916",1,15,19,10,45
356,Abdoulaye Traore,عبد الله تراوري,Al Shahaniya,ترجمة موجودة مختلفة (لا كتابة فوق موجود),كُتب,كل السجلات فاضية وربط واحد بلا تصادم,pid 395617 @ 2893,1,0,5,6,12
358,Hamidreza Firouzi,حميد رضا فيروزي,Lusail City,بلا player_id في التشكيلات,كُتب,كل السجلات فاضية وربط واحد بلا تصادم,team 7527 + text,1,0,0,0,1
359,Rodrigo Machado,رودريغو ماتشادو,Lusail City,بلا player_id في التشكيلات,كُتب,كل السجلات فاضية وربط واحد بلا تصادم,team 7527 + text,1,0,0,3,4
363,mawuli wayo,ماولي واييو,Olympic El Qanah,بلا player_id في التشكيلات,كُتب,كل السجلات فاضية وربط واحد بلا تصادم,team 13822 + text,1,0,0,3,4
364,Ahmed Abdel Mawgod,أحمد عبد الموجود,Petrojet,بلا player_id في التشكيلات,كُتب,كل السجلات فاضية وربط واحد بلا تصادم,team 1041 + text,1,0,0,0,1
365,Roger Martinez,روجير مارتينيز,Al Shabab,ترجمة موجودة مختلفة (لا كتابة فوق موجود),تُرك,ترجمة موجودة (سجل واحد على الأقل),,0,0,0,0,0
367,Faisal Abdulwahed,فيصل عبد الواحد,Al-Fateh,بلا player_id في التشكيلات,كُتب,كل السجلات فاضية وربط واحد بلا تصادم,team 2931 + text,1,0,0,4,5
371,Wajdi Nabhan,وجدي نبهان,Masr,تصادم: النص الإنجليزي مشترك بين أكثر من player_id,كُتب,كل السجلات فاضية وربط واحد بلا تصادم,pid 568638 @ 7520,1,0,2,1,4
373,Bruno De Oliveira,برونو دي أوليفيرا,Al-Jazira,بلا player_id في التشكيلات,كُتب,كل السجلات فاضية وربط واحد بلا تصادم,team 2871 + text,1,0,0,2,3
374,El Mehdi Maouhoub,المهدي موهوب,Dubai United,بلا player_id في التشكيلات,تُرك,لا معرّف عند فريق النادي والنص يظهر مع فريق آخر,,0,0,0,0,0
375,Mehdi Taremi,مهدي طارمي,Al-Wasl FC,بلا player_id في التشكيلات,كُتب,كل السجلات فاضية وربط واحد بلا تصادم,team 2872 + text,1,0,0,3,4
376,Valentino Lazaro,فالنتينو لازارو,Al Ain,بلا player_id في التشكيلات,كُتب,كل السجلات فاضية وربط واحد بلا تصادم,team 2865 + text,1,0,0,1,2
377,Amjad Al Sayed,أمجد السيد,Hatta SC,بلا player_id في التشكيلات,كُتب,كل السجلات فاضية وربط واحد بلا تصادم,team 2869 + text,1,0,0,0,1
379,Mohammed Hamad Al-Qahtani,محمد حمد القحطاني,Al-Qadisiyah FC,بلا player_id في التشكيلات,كُتب,كل السجلات فاضية وربط واحد بلا تصادم,team 2933 + text,1,0,0,3,4
380,Theo Bongonda,ثيو بونغوندا,Al-Faisaly FC,بلا player_id في التشكيلات,كُتب,كل السجلات فاضية وربط واحد بلا تصادم,team 2930 + text,1,0,0,0,1
381,Laba Kodjo,كودجو لابا,Al Wahda FC,بلا player_id في التشكيلات,تُرك,لا معرّف عند فريق النادي والنص يظهر مع فريق آخر,,0,0,0,0,0
382,Benjamin Tetteh,بنجامين تيتيه,Al-Ittihad Kalba,بلا player_id في التشكيلات,كُتب,كل السجلات فاضية وربط واحد بلا تصادم,team 2876 + text,1,0,0,0,1
385,Ahmed Alaaeldin,أحمد علاء الدين,Al-Rayyan SC,ترجمة موجودة مختلفة (لا كتابة فوق موجود),تُرك,صيغة لمعرّف كُتب بـf31153c90,,0,0,0,0,0
388,Kader Keita,كادر كيتا,Al Riyadh,بلا player_id في التشكيلات,كُتب,كل السجلات فاضية وربط واحد بلا تصادم,team 10511 + text,1,0,0,1,2
390,Mohamed Ali Osman,محمد علي عثمان,Petrojet,بلا player_id في التشكيلات,كُتب,كل السجلات فاضية وربط واحد بلا تصادم,team 1041 + text,1,0,0,0,1
391,Saber Ashraf El Shimi,صابر أشرف الشيمي,El Gouna FC,بلا player_id في التشكيلات,كُتب,كل السجلات فاضية وربط واحد بلا تصادم,team 1574 + text,1,0,0,0,1
392,Ahmet Atef,أحمد عاطف,Masr,بلا player_id في التشكيلات,كُتب,كل السجلات فاضية وربط واحد بلا تصادم,team 7520 + text,1,0,0,1,2
393,Mohamed Hussein,محمد حسين,Masr,تصادم: النص الإنجليزي مشترك بين أكثر من player_id,تُرك,تصادم: أكثر من player_id لنفس النص عند نفس الفريق,,0,0,0,0,0
